"PERES ALEXANDRU";"PARTIDUL DEMOCRAT LIBERAL";"S1 Alba";35648
"MIMAI NICUSOR-MIRCEA";"PARTIDUL NATIONAL LIBERAL";"S1 Alba";18490
"NARITA VIRGIL-NICOLAE";"ALIANTA POLITICA PARTIDUL SOCIAL DEMOCRAT + PARTIDUL CONSERVATOR";"S1 Alba";16503
"BARA VASILE";"PARTIDUL NOUA GENERATIE -CRESTIN DEMOCRAT";"S1 Alba";2451
"BARBU DOMITIAN";"PARTIDUL ROMÂNIA MARE";"S1 Alba";2365
"UTIU IOAN";"PARTIDUL VERDE ECOLOGIST";"S1 Alba";1522
"TOTH CSABA-COLOMAN";"UNIUNEA DEMOCRATA MAGHIARA DIN ROMÂNIA";"S1 Alba";1259
"DOBRA NICOLAE";"PARTIDUL DEMOCRAT LIBERAL";"S2 Alba";24028
"FENESER GHEORGHE";"ALIANTA POLITICA PARTIDUL SOCIAL DEMOCRAT + PARTIDUL CONSERVATOR";"S2 Alba";11159
"BÂRBULETIU TIBERIU";"PARTIDUL NATIONAL LIBERAL";"S2 Alba";8465
"PALOSY IANOS";"UNIUNEA DEMOCRATA MAGHIARA DIN ROMÂNIA";"S2 Alba";3931
"ROCIU IOSIF";"PARTIDUL ROMÂNIA MARE";"S2 Alba";1272
"BOANCA IOAN";"PARTIDUL NOUA GENERATIE -CRESTIN DEMOCRAT";"S2 Alba";960
"MARIAN OVIDIU";"PARTIDUL DEMOCRAT LIBERAL";"S1 Arad";27110
"MARIS SABIN";"ALIANTA POLITICA PARTIDUL SOCIAL DEMOCRAT + PARTIDUL CONSERVATOR";"S1 Arad";8536
"SZENTESI SILVIU-GABRIEL";"PARTIDUL NATIONAL LIBERAL";"S1 Arad";7372
"CZISZTER KÂLMÂN-ANDRÂS";"UNIUNEA DEMOCRATA MAGHIARA DIN ROMÂNIA";"S1 Arad";5534
"GÂRBOVAN GHEORGHE";"PARTIDUL ROMÂNIA MARE";"S1 Arad";2008
"VLAI ADRIAN";"PARTIDUL NOUA GENERATIE -CRESTIN DEMOCRAT";"S1 Arad";1217
"ARDELEAN AUREL";"PARTIDUL DEMOCRAT LIBERAL";"S2 Arad";20116
"CRISTINA IOAN";"PARTIDUL NATIONAL LIBERAL";"S2 Arad";11610
"CRACIUN AVRAM";"ALIANTA POLITICA PARTIDUL SOCIAL DEMOCRAT + PARTIDUL CONSERVATOR";"S2 Arad";10556
"HAÂSZ TIBERIU";"UNIUNEA DEMOCRATA MAGHIARA DIN ROMÂNIA";"S2 Arad";3391
"BRAD FLOAREA";"PARTIDUL ROMÂNIA MARE";"S2 Arad";1890
"BOAR CORNELIU";"PARTIDUL NOUA GENERATIE -CRESTIN DEMOCRAT";"S2 Arad";924
"IGAS TRAIAN-CONSTANTIN";"PARTIDUL DEMOCRAT LIBERAL";"S3 Arad";22890
"REMETAN FLORIN";"ALIANTA POLITICA PARTIDUL SOCIAL DEMOCRAT + PARTIDUL CONSERVATOR";"S3 Arad";9993
"BOLONI GYORGY";"UNIUNEA DEMOCRATA MAGHIARA DIN ROMÂNIA";"S3 Arad";3972
"ALBU GEORGE";"PARTIDUL NATIONAL LIBERAL";"S3 Arad";3141
"MOS SIMION";"PARTIDUL ROMÂNIA MARE";"S3 Arad";1368
"GHERMAN PETRU";"PARTIDUL NOUA GENERATIE -CRESTIN DEMOCRAT";"S3 Arad";1036
"COSTACHE FLOREA";"ALIANTA POLITICA PARTIDUL SOCIAL DEMOCRAT + PARTIDUL CONSERVATOR";"S1 Arges";18370
"DIACONU MIRCEA";"PARTIDUL NATIONAL LIBERAL";"S1 Arges";10519
"NICUT GHEORGHE";"PARTIDUL DEMOCRAT LIBERAL";"S1 Arges";9847
"MOISE VASILE";"PARTIDUL ROMÂNIA MARE";"S1 Arges";1828
"BULF DÂNUT FLORIN";"PARTIDUL NOUA GENERATIE -CRESTIN DEMOCRAT";"S1 Arges";1237
"BÎRLA GRAZIELA-ELENA";"CANDIDAT INDEPENDENT";"S1 Arges";1065
"ULEIA GHEORGHE VIOREL";"PARTIDUL POPULAR SI AL PROTECTIEI SOCIALE";"S1 Arges";706
"NICOLESCU CONSTANTIN";"PARTIDUL SOCIALIST ROMÂN";"S1 Arges";445
"UYSAL MEHMET";"PARTIDUL VERDE ECOLOGIST";"S1 Arges";133
"SZENTMIKLOSI ZOLTÂN LAJOS";"UNIUNEA DEMOCRATA MAGHIARA DIN ROMÂNIA";"S1 Arges";60
"VALECA SERBAN CONSTANTIN";"ALIANTA POLITICA PARTIDUL SOCIAL DEMOCRAT + PARTIDUL CONSERVATOR";"S2 Arges";26589
"BRATU ION GABRIEL";"PARTIDUL DEMOCRAT LIBERAL";"S2 Arges";12799
"COSMESCU DUMITRU";"PARTIDUL NATIONAL LIBERAL";"S2 Arges";4695
"VLAD ION";"PARTIDUL ROMÂNIA MARE";"S2 Arges";2511
"BÂLANEASA PETREA";"PARTIDUL NOUA GENERATIE -CRESTIN DEMOCRAT";"S2 Arges";1561
"JINGA GHEORGHE";"PARTIDUL VERDE ECOLOGIST";"S2 Arges";523
"KALMAR ERZSEBET";"UNIUNEA DEMOCRATA MAGHIARA DIN ROMÂNIA";"S2 Arges";66
"TÂMAGA CONSTANTIN";"ALIANTA POLITICA PARTIDUL SOCIAL DEMOCRAT + PARTIDUL CONSERVATOR";"S3 Arges";22167
"JURUBITA MARIUS DOREL";"PARTIDUL DEMOCRAT LIBERAL";"S3 Arges";11370
"NITU VASILE";"PARTIDUL NATIONAL LIBERAL";"S3 Arges";3866
"GEORGESCU MIHAI";"PARTIDUL ROMÂNIA MARE";"S3 Arges";2846
"PANAETE GHERGHINA";"PARTIDUL NOUA GENERATIE -CRESTIN DEMOCRAT";"S3 Arges";765
"TUNYOGI ELISABETA- ECATERINA";"UNIUNEA DEMOCRATA MAGHIARA DIN ROMÂNIA";"S3 Arges";99
"STIRE ANU OCTAVIAN";"ALIANTA POLITICA PARTIDUL SOCIAL DEMOCRAT + PARTIDUL CONSERVATOR";"S4 Arges";26004
"CINTEZA MIRCEA";"PARTIDUL DEMOCRAT LIBERAL";"S4 Arges";17401
"CÂLINESCU FLORIN";"PARTIDUL NATIONAL LIBERAL";"S4 Arges";13752
"CHIRITA ILIE";"PARTIDUL ROMÂNIA MARE";"S4 Arges";2834
"SULTAN EUGEN";"PARTIDUL NOUA GENERATIE -CRESTIN DEMOCRAT";"S4 Arges";1636
"VARASCANU CONSTANTIN";"PARTIDUL VERDE ECOLOGIST";"S4 Arges";689
"STANESCU TUDORACHE";"PARTIDUL POPULAR SI AL PROTECTIEI SOCIALE";"S4 Arges";250
"VEKONY EVA MARJA";"UNIUNEA DEMOCRATA MAGHIARA DIN ROMÂNIA";"S4 Arges";113
"BERCA GABRIEL";"PARTIDUL NATIONAL LIBERAL";"S1 Bacau";22936
"NEDEFF VALENTIN";"PARTIDUL DEMOCRAT LIBERAL";"S1 Bacau";19393
"STOICA DAN";"ALIANTA POLITICA PARTIDUL SOCIAL DEMOCRAT + PARTIDUL CONSERVATOR";"S1 Bacau";16057
"LUNGU CLAUDIU";"PARTIDUL ROMÂNIA MARE";"S1 Bacau";2899
"HÂRÂTAU ELENA";"PARTIDUL NOUA GENERATIE -CRESTIN DEMOCRAT";"S1 Bacau";1479
"BURGHELEA DUMITRU";"PARTIDUL POPULAR SI AL PROTECTIEI SOCIALE";"S1 Bacau";877
"CUTAŞ GEORGE-SABIN";"ALIANŢA POLITICĂ PARTIDUL SOCIAL DEMOCRAT + PARTIDUL CONSERVATOR";"S2 Bacau";17643
"NISTOR VASILE";"PARTIDUL DEMOCRAT LIBERAL";"S2 Bacau";13697
"LUPU GABRIEL-STĂNICĂ";"PARTIDUL NAŢIONAL LIBERAL";"S2 Bacau";9649
"GRIGORAŞ VALERRJ";"PARTIDUL ROMÂNIA MARE";"S2 Bacau";1649
"ILIE VASILE";"PARTIDUL POPULAR ŞI AL PROTECŢIEI SOCIALE";"S2 Bacau";1592
"BRATOVIANU CRISTINEL";"PARTIDUL NOUA GENERAŢIE -CREŞTIN DEMOCRAT";"S2 Bacau";808
"FAZAKAS ÂRPÂD";"UNIUNEA DEMOCRATĂ MAGHIARĂ DIN ROMÂNIA";"S2 Bacau";139
"M ARD A RE RADU-CATALIN";"ALIANTA POLITICA PARTIDUL SOCIAL DEMOCRAT + PARTIDUL CONSERVATOR";"S3 Bacau";23317
"BALCANU TOADER";"PARTIDUL DEMOCRAT LIBERAL";"S3 Bacau";12741
"CIUBOTARIU LUCIAN-MANUEL";"PARTIDUL NATIONAL LIBERAL";"S3 Bacau";6983
"COSTEA GHEORGHE";"PARTIDUL ROMÂNIA MARE";"S3 Bacau";1309
"DUMITRASCU COCA";"PARTIDUL NOUA GENERATIE -CRESTIN DEMOCRAT";"S3 Bacau";583
"OLTEANU-URSACHI IULIAN";"PARTIDUL VERDE ECOLOGIST";"S3 Bacau";356
"HU1AN COSTICA";"PARTIDUL POPULAR SI AL PROTECTIEI SOCIALE";"S3 Bacau";274
"BENCHEA PAVEL";"UNIUNEA DEMOCRATA MAGHIARA DIN ROMÂNIA";"S3 Bacau";235
"MITREA ELENA";"ALIANTA POLITICA PARTIDUL SOCIAL DEMOCRAT + PARTIDUL CONSERVATOR";"S4 Bacau";25971
"SIMOVICI DORU";"PARTIDUL DEMOCRAT LIBERAL";"S4 Bacau";18382
"MIRONESCU ADRIAN";"PARTIDUL NATIONAL LIBERAL";"S4 Bacau";13927
"SELARU RODICA";"PARTIDUL ROMÂNIA MARE";"S4 Bacau";1656
"MOISA MIHAEL";"PARTIDUL NOUA GENERATIE -CRESTIN DEMOCRAT";"S4 Bacau";900
"SAROSI MARIA";"UNIUNEA DEMOCRATA MAGHIARA DIN ROMÂNIA";"S4 Bacau";719
"GRECU VASILE";"PARTIDUL VERDE ECOLOGIST";"S4 Bacau";687
"GHERASIM IONUT-ADRIAN";"PARTIDUL POPULAR SI AL PROTECTIEI SOCIALE";"S4 Bacau";494
"CSEKE ATTILA-ZOLTAN";"UNIUNEA DEMOCRATA MAGHIARA DIN ROMÂNIA";"S1 Bihor";27833
"GHILEA GAVRILA";"PARTIDUL DEMOCRAT LIBERAL";"S1 Bihor";6357
"MINTAS IOAN";"ALIANTA POLITICA PARTIDUL SOCIAL DEMOCRAT + PARTIDUL CONSERVATOR";"S1 Bihor";6169
"BENTAN EMIL";"PARTIDUL NATIONAL LIBERAL";"S1 Bihor";4858
"CLEPE FLORIN-SABIN";"PARTIDUL NOUA GENERATIE -CRESTIN DEMOCRAT";"S1 Bihor";826
"HATHAZI FRANCISC-IOAN";"PARTIDUL ROMÂNIA MARE";"S1 Bihor";806
"POPA CORNEL";"PARTIDUL NATIONAL LIBERAL";"S2 Bihor";26416
"LUCA DOREL";"PARTIDUL DEMOCRAT LIBERAL";"S2 Bihor";13143
"ODOBASIANU NICU-SILVIU";"ALIANTA POLITICA PARTIDUL SOCIAL DEMOCRAT + PARTIDUL CONSERVATOR";"S2 Bihor";9911
"SZOBOSZLAI-GASPARISTVÂN";"UNIUNEA DEMOCRATA MAGHIARA DIN ROMÂNIA";"S2 Bihor";2478
"DRECIN MIHAI-DORIN";"PARTIDUL ROMÂNIA MARE";"S2 Bihor";1933
"DEACONESCU VALERIU- GHEORGHE";"PARTIDUL NOUA GENERATIE -CRESTIN DEMOCRAT";"S2 Bihor";1002
"FILIP PETRU";"PARTIDUL DEMOCRAT LIBERAL";"S3 Bihor";16720
"SCRIDON SMARANDA- ROZAURA-MARIA";"PARTIDUL NATIONAL LIBERAL";"S3 Bihor";13619
"PA VEL FLORIAN";"ALIANTA POLITICA PARTIDUL SOCIAL DEMOCRAT + PARTIDUL CONSERVATOR";"S3 Bihor";13164
"SARKADY ZSOLT-CSABA";"UNIUNEA DEMOCRATA MAGHIARA DIN ROMÂNIA";"S3 Bihor";10764
"ROMOSAN IOAN-DOREL";"PARTIDUL ROMÂNIA MARE";"S3 Bihor";3250
"CAPRIS TEODORESCU-VIRGIL";"PARTIDUL NOUA GENERATIE -CRESTIN DEMOCRAT";"S3 Bihor";1522
"GROZA MIHAI-DAN";"PARTIDUL DEMOCRAT LIBERAL";"S4 Bihor";12428
"DELOREAN ION-IULIUS";"UNIUNEA DEMOCRATA MAGHIARA DIN ROMÂNIA";"S4 Bihor";11911
"CARP GHEORGHE";"PARTIDUL NATIONAL LIBERAL";"S4 Bihor";10206
"MANG IO AN";"ALIANTA POLITICA PARTIDUL SOCIAL DEMOCRAT + PARTIDUL CONSERVATOR";"S4 Bihor";9008
"PLATONA PA VEL";"PARTIDUL ROMÂNIA MARE";"S4 Bihor";2191
"CUTUS LAZAR";"PARTIDUL NOUA GENERATIE -CRESTIN DEMOCRAT";"S4 Bihor";845
"SBÎRCIUIOAN";"PARTIDUL DEMOCRAT LIBERAL";"S1 Bistrita-Nasaud";17570
"PANA ADRIANA-DOINA";"ALIANTA POLITICA PARTIDUL SOCIAL DEMOCRAT + PARTIDUL CONSERVATOR";"S1 Bistrita-Nasaud";15375
"BINDEA VALER";"PARTIDUL NATIONAL LIBERAL";"S1 Bistrita-Nasaud";11126
"TOOK ECATERINA";"UNIUNEA DEMOCRATA MAGHIARA DIN ROMÂNIA";"S1 Bistrita-Nasaud";2259
"COTUTIU VIOREL";"PARTIDUL ROMÂNIA MARE";"S1 Bistrita-Nasaud";1918
"CATINEAN PETRU";"PARTIDUL NOUA GENERATIE -CRESTIN DEMOCRAT";"S1 Bistrita-Nasaud";1253
"POP VIOREL";"PARTIDUL VERDE ECOLOGIST";"S1 Bistrita-Nasaud";942
"PRUNEA NICOLAE-DANUT";"ALIANTA POLITICA PARTIDUL SOCIAL DEMOCRAT + PARTIDUL CONSERVATOR";"S2 Bistrita-Nasaud";20323
"ILIESI SABIN";"PARTIDUL DEMOCRAT LIBERAL";"S2 Bistrita-Nasaud";19612
"SIMIHÂIAN VALER";"PARTIDUL NATIONAL LIBERAL";"S2 Bistrita-Nasaud";4870
"KOCSIS ANDREI";"UNIUNEA DEMOCRATA MAGHIARA DIN ROMÂNIA";"S2 Bistrita-Nasaud";3699
"PAMFILOIU CONSTANTIN";"PARTIDUL ROMÂNIA MARE";"S2 Bistrita-Nasaud";1902
"PREDESCU VALERIA";"PARTIDUL NOUA GENERATIE -CRESTIN DEMOCRAT";"S2 Bistrita-Nasaud";954
"RATIU ONORIU";"PARTIDUL VERDE ECOLOGIST";"S2 Bistrita-Nasaud";334
"MARCU GHEORGHE";"ALIANTA POLITICA PARTIDUL SOCIAL DEMOCRAT + PARTIDUL CONSERVATOR";"S1 Botosani";19771
"LUCA MIHAI";"PARTIDUL DEMOCRAT LIBERAL";"S1 Botosani";14440
"GRIGORAS VIOREL";"PARTIDUL NATIONAL LIBERAL";"S1 Botosani";8017
"CODREANU DUMITRU";"PARTIDUL ROMÂNIA MARE";"S1 Botosani";2390
"MUNTEANU IO AN";"PARTIDUL NOUA GENERATIE -CRESTIN DEMOCRAT";"S1 Botosani";2033
"SZABO STEFAN -CAROL";"UNIUNEA DEMOCRATA MAGHIARA DIN ROMÂNIA";"S1 Botosani";170
"CÂMPANU LIVIU";"PARTIDUL NATIONAL LIBERAL";"S2 Botosani";22030
"ALEXANDRU VIOREL";"PARTIDUL DEMOCRAT LIBERAL";"S2 Botosani";13690
"ADASCALITEI CLAUDU";"ALIANTA POLITICA PARTIDUL SOCIAL DEMOCRAT + PARTIDUL CONSERVATOR";"S2 Botosani";12241
"STRÂCHINARIU LIVIU";"PARTIDUL ROMÂNIA MARE";"S2 Botosani";1782
"LUNGU PETRICA";"PARTIDUL NOUA GENERATIE -CRESTIN DEMOCRAT";"S2 Botosani";935
"MATYI STEFAN";"UNIUNEA DEMOCRATA MAGHIARA DIN ROMÂNIA";"S2 Botosani";145
"HUMELNICU AUGUSTIN - DANIEL";"PARTIDUL DEMOCRAT LIBERAL";"S3 Botosani";13432
"PANA VIOREL -MARIAN";"ALIANTA POLITICA PARTIDUL SOCIAL DEMOCRAT + PARTIDUL CONSERVATOR";"S3 Botosani";11507
"OPRISANU OVIDIU -GABRIEL";"PARTIDUL NATIONAL LIBERAL";"S3 Botosani";8871
"ROTARU PAMFIL -TEOFIL";"PARTIDUL ROMÂNIA MARE";"S3 Botosani";2438
"EGNER FLORIN -SIMION";"PARTIDUL NOUA GENERATIE -CRESTIN DEMOCRAT";"S3 Botosani";1857
"TANASACHE STEFAN";"PARTIDUL VERDE ECOLOGIST";"S3 Botosani";418
"TUNYOGI STEFAN";"UNIUNEA DEMOCRATA MAGHIARA DIN ROMÂNIA";"S3 Botosani";96
"ROTARU ION";"ALIANTA POLITICA PARTIDUL SOCIAL DEMOCRAT + PARTIDUL CONSERVATOR";"S1 Braila";30009
"DRAGU GEORGE";"PARTIDUL DEMOCRAT LIBERAL";"S1 Braila";13793
"SUSANU ION";"PARTIDUL NATIONAL LIBERAL";"S1 Braila";7533
"ILIE LASCU";"PARTIDUL ROMÂNIA MARE";"S1 Braila";3412
"MARIN GHEORGHE";"PARTIDUL VERDE ECOLOGIST";"S1 Braila";2156
"BECA ZOITA";"PARTIDUL NOUA GENERATIE -CRESTIN DEMOCRAT";"S1 Braila";2068
"BARABASI VICTOR";"UNIUNEA DEMOCRATA MAGHIARA DIN ROMÂNIA";"S1 Braila";178
"DRAGOMIR VIOREL-MARIAN";"ALIANTA POLITICA PARTIDUL SOCIAL DEMOCRAT + PARTIDUL CONSERVATOR";"S2 Braila";23928
"MITROI NICOLAE";"PARTIDUL DEMOCRAT LIBERAL";"S2 Braila";11177
"CIBU CONSTANTIN-SEVER";"PARTIDUL NATIONAL LIBERAL";"S2 Braila";8940
"POPA VALERIU";"PARTIDUL ROMÂNIA MARE";"S2 Braila";2091
"PAUN DAN";"PARTIDUL VERDE ECOLOGIST";"S2 Braila";1894
"TUDOR BENEDICT";"PARTIDUL NOUA GENERATIE -CRESTIN DEMOCRAT";"S2 Braila";1242
"PAPP ATTILA";"UNIUNEA DEMOCRATA MAGHIARA DIN ROMÂNIA";"S2 Braila";147
"RASALIU MARIAN-IULIAN";"PARTIDUL DEMOCRAT LIBERAL";"S1 Brasov";16736
"MUNTEAN CATALIN-GEORGE";"PARTIDUL NATIONAL LIBERAL";"S1 Brasov";16581
"LEONTE CATALIN";"ALIANTA POLITICA PARTIDUL SOCIAL DEMOCRAT + PARTIDUL CONSERVATOR";"S1 Brasov";8714
"GERGELY JANOS";"UNIUNEA DEMOCRATA MAGHIARA DIN ROMÂNIA";"S1 Brasov";3264
"SAS ADRIAN-IOAN";"PARTIDUL ROMÂNIA MARE";"S1 Brasov";1251
"DRAGAN AUREL";"PARTIDUL NOUA GENERATIE -CRESTIN DEMOCRAT";"S1 Brasov";650
"IANCU VESPASIAN-AUGUST1N";"PARTIDUL VERDE ECOLOGIST";"S1 Brasov";559
"VESTEA MIHAIL";"PARTIDUL DEMOCRAT LIBERAL";"S2 Brasov";16257
"CORLATEAN TITUS";"ALIANTA POLITICA PARTIDUL SOCIAL DEMOCRAT + PARTIDUL CONSERVATOR";"S2 Brasov";14606
"TANASESCU CARMEN-FELICIA";"PARTIDUL NATIONAL LIBERAL";"S2 Brasov";9525
"KISS IOSIF";"UNIUNEA DEMOCRATA MAGHIARA DIN ROMÂNIA";"S2 Brasov";3854
"DOBRIN NICOLAE";"PARTIDUL ROMÂNIA MARE";"S2 Brasov";1438
"FL1UNDRA IONEL";"PARTIDUL NOUA GENERATIE -CRESTIN DEMOCRAT";"S2 Brasov";706
"CHIVAREAN RADU";"PARTIDUL VERDE ECOLOGIST";"S2 Brasov";556
"CORNEA GHEORGHE-DANIEL";"PARTIDUL POPULAR SI AL PROTECTIEI SOCIALE";"S2 Brasov";182
"NECULAIE IOAN";"PARTIDUL DEMOCRAT LIBERAL";"S3 Brasov";15452
"PRUNARIU DUMITRU DORIN";"ALIANTA POLITICA PARTIDUL SOCIAL DEMOCRAT + PARTIDUL CONSERVATOR";"S3 Brasov";12203
"GHISE IOAN";"PARTIDUL NATIONAL LIBERAL";"S3 Brasov";6580
"GABOR IMRE";"UNRJNEA DEMOCRATA MAGHIARA DIN ROMÂNIA";"S3 Brasov";3872
"IORGA NICOLAE-MARIAN";"PARTIDUL ROMÂNIA MARE";"S3 Brasov";2053
"BUTAN DUMITRU";"PARTIDUL VERDE ECOLOGIST";"S3 Brasov";1408
"SANDA CORNEL-ION";"PARTIDUL NOUA GENERATIE -CRESTIN DEMOCRAT";"S3 Brasov";602
"STAICU DUMITRU-FLORIAN";"PARTIDUL DEMOCRAT LIBERAL";"S4 Brasov";19252
"CIUREA ALEXANDRU- VLADIMIR";"ALIANTA POLITICA PARTIDUL SOCIAL DEMOCRAT + PARTIDUL CONSERVATOR";"S4 Brasov";10169
"VASILESCU LAWRENTZIA- BEATRICE-DENISA";"PARTIDUL NATIONAL LIBERAL";"S4 Brasov";6236
"SZENTE LADISLAU";"UNIUNEA DEMOCRATA MAGHIARA DIN ROMÂNIA";"S4 Brasov";3040
"CÎRNATIU TITUS-CLAUDIU";"PARTIDUL ROMÂNIA MARE";"S4 Brasov";1711
"BÂGIU OVIDIU-ILIE";"PARTIDUL NOUA GENERATIE -CRESTIN DEMOCRAT";"S4 Brasov";573
"POPESCU AURELIAN";"PARTIDUL POPULAR SI AL PROTECTIEI SOCIALE";"S4 Brasov";465
"CAZACU CORNELIA";"PARTIDUL DEMOCRAT LIBERAL";"S1 Bucuresti";16181
"NICOLAESCU SERGIU-FLORIN";"ALIANTA POLITICA PARTIDUL SOCIAL DEMOCRAT + PARTIDUL CONSERVATOR";"S1 Bucuresti";12728
"AVRAMESCU ARIN-ALEXANDRU";"PARTIDUL NATIONAL LIBERAL";"S1 Bucuresti";8740
"COJOCARU CONSTANTIN";"PARTIDUL ROMÂNIA MARE";"S1 Bucuresti";1738
"DAOGARU GHEORGHE- OCTAVIAN";"PARTIDUL NOUA GENERATIE -CRESTIN DEMOCRAT";"S1 Bucuresti";1021
"CONSTANTINESCU MIHAI-DAN";"PARTIDUL VERDE ECOLOGIST";"S1 Bucuresti";662
"KOVER GHEORGHE";"UNIUNEA DEMOCRATA MAGHIARA DIN ROMÂNIA";"S1 Bucuresti";194
"POPESCU IONEL";"PARTIDUL DEMOCRAT LIBERAL";"S2 Bucuresti";10702
"ANTONESCU GEORGE-CRIN- LAURENTIU";"PARTIDUL NATIONAL LIBERAL";"S2 Bucuresti";9159
"THEODORESCU EMIL-RAZVAN";"ALIANTA POLITICA PARTIDUL SOCIAL DEMOCRAT + PARTIDUL CONSERVATOR";"S2 Bucuresti";8465
"ANA-DRÂGHIA GHEORGHE-DORU";"PARTIDUL ROMÂNIA MARE";"S2 Bucuresti";1087
"DICHISEANU IOAN";"PARTIDUL NOUA GENERATIE -CRESTIN DEMOCRAT";"S2 Bucuresti";670
"MATEESCU FLORIN";"PARTIDUL VERDE ECOLOGIST";"S2 Bucuresti";332
"CSUTAK STEFAN-FRANCISC";"UNIUNEA DEMOCRATA MAGHIARA DIN ROMÂNIA";"S2 Bucuresti";161
"MITROI FLOREA";"PARTIDUL POPULAR SI AL PROTECTIEI SOCIALE";"S2 Bucuresti";155
"DIACONESCU CRISTIAN";"ALIANTA POLITICA PARTIDUL SOCIAL DEMOCRAT + PARTIDUL CONSERVATOR";"S3 Bucuresti";16794
"SERBAN TUDOR";"PARTIDUL DEMOCRAT LIBERAL";"S3 Bucuresti";13883
"DRAGAN DIDINA";"PARTIDUL NATIONAL LIBERAL";"S3 Bucuresti";4449
"UNGUREANU CARMEN-SILVIA";"PARTIDUL NOUA GENERATIE -CRESTIN DEMOCRAT";"S3 Bucuresti";3217
"IONESCU MIHAELA";"PARTIDUL ROMÂNIA MARE";"S3 Bucuresti";1613
"KOZMA ANDREI";"UNIUNEA DEMOCRATA MAGHIARA DIN ROMÂNIA";"S3 Bucuresti";199
"BOAGIU ANCA-DANIELA";"PARTIDUL DEMOCRAT LIBERAL";"S4 Bucuresti";24854
"NICOLAE SERB AN";"ALIANTA POLITICA PARTIDUL SOCIAL DEMOCRAT + PARTIDUL CONSERVATOR";"S4 Bucuresti";19248
"NAICU VLAD-ION";"PARTIDUL NATIONAL LIBERAL";"S4 Bucuresti";8646
"FUCIU DANIEL";"PARTIDUL NOUA GENERATIE -CRESTIN DEMOCRAT";"S4 Bucuresti";6675
"CRISTEA AUREL";"PARTIDUL ROMÂNIA MARE";"S4 Bucuresti";2534
"HATEGANU CONSTANTIN- NICOLAE";"PARTIDUL VERDE ECOLOGIST";"S4 Bucuresti";843
"KOVÂCS LADISLAU-DESIDERIU";"UNIUNEA DEMOCRATA MAGHIARA DIN ROMÂNIA";"S4 Bucuresti";295
"BLAGA VASILE";"PARTIDUL DEMOCRAT LIBERAL";"S5 Bucuresti";25131
"TRÂISTARU CONSTANTIN";"ALIANTA POLITICA PARTIDUL SOCIAL DEMOCRAT + PARTIDUL CONSERVATOR";"S5 Bucuresti";14450
"FLEACA DANUT-IOAN";"PARTIDUL NATIONAL LIBERAL";"S5 Bucuresti";6571
"PATRASCU MARCELA";"PARTIDUL ROMÂNIA MARE";"S5 Bucuresti";2095
"DOROBANTU HORIA";"PARTIDUL NOUA GENERATIE -CRESTIN DEMOCRAT";"S5 Bucuresti";1403
"SANDU EMILIA";"PARTIDUL VERDE ECOLOGIST";"S5 Bucuresti";852
"TUDOR ADRIAN";"UNIUNEA DEMOCRATA MAGHIARA DIN ROMÂNIA";"S5 Bucuresti";222
"RADULESCU CRISTIAN";"PARTIDUL DEMOCRAT LIBERAL";"S6 Bucuresti";23942
"MARASESCU NICULAE-ION- ANTON";"ALIANTA POLITICA PARTIDUL SOCIAL DEMOCRAT + PARTIDUL CONSERVATOR";"S6 Bucuresti";15441
"ILIESCU IRINEL-CAIUS";"PARTIDUL NATIONAL LIBERAL";"S6 Bucuresti";5551
"BALAN ANGELA-MIHAELA";"PARTIDUL ROMÂNIA MARE";"S6 Bucuresti";2544
"CERCELARU DANIELA";"PARTIDUL NOUA GENERATIE -CRESTIN DEMOCRAT";"S6 Bucuresti";1810
"BÂTHORY ISTVÂN";"UNIUNEA DEMOCRATA MAGHIARA DON ROMÂNIA";"S6 Bucuresti";254
"TALPES IOAN";"PARTIDUL DEMOCRAT LIBERAL";"S7 Bucuresti";9764
"CÂMPUREAN ADRIAN-MIHAI";"ALIANTA POLITICA PARTIDUL SOCIAL DEMOCRAT + PARTIDUL CONSERVATOR";"S7 Bucuresti";9641
"TOPESCU CRISTIAN-GEORGE";"PARTIDUL NATIONAL LIBERAL";"S7 Bucuresti";6598
"SIMION FLORIAN-PAUL";"PARTIDUL ROMÂNIA MARE";"S7 Bucuresti";1093
"HEIDARI ABDOLREZA";"PARTIDUL NOUA GENERATIE -CRESTIN DEMOCRAT";"S7 Bucuresti";675
"DUMITRESCU CONSTANTIN";"PARTIDUL VERDE ECOLOGIST";"S7 Bucuresti";403
"NAGY BENEDEK";"UNIUNEA DEMOCRATA MAGHIARA DIN ROMÂNIA";"S7 Bucuresti";138
"SUSANU GHEORGHE";"PARTIDUL POPULAR SI AL PROTECTIEI SOCIALE";"S7 Bucuresti";129
"VOICULESCU DAN";"ALIANTA POLITICA PARTIDUL SOCIAL DEMOCRAT + PARTIDUL CONSERVATOR";"S8 Bucuresti";21711
"IONESCU RAZVAN";"PARTIDUL DEMOCRAT LIBERAL";"S8 Bucuresti";17340
"MIRCESCU PAUL-DANIEL";"PARTIDUL NATIONAL LIBERAL";"S8 Bucuresti";5195
"RAHNEA NITA GABRIELA";"PARTIDUL ROMÂNIA MARE";"S8 Bucuresti";1925
"ANDRABULEA GIGEL";"PARTIDUL NOUA GENERATIE -CRESTIN DEMOCRAT";"S8 Bucuresti";1151
"GUGU IONUT-MUGUREL";"PARTIDUL VERDE ECOLOGIST";"S8 Bucuresti";606
"POPA PETRE-DAN";"PARTIDUL POPULAR SI AL PROTECTIEI SOCIALE";"S8 Bucuresti";250
"BIRTALAN JOZSEF";"UNIUNEA DEMOCRATA MAGHIARA DIN ROMÂNIA";"S8 Bucuresti";192
"VOICU CATALIN";"ALIANTA POLITICA PARTIDUL SOCIAL DEMOCRAT + PARTIDUL CONSERVATOR";"S9 Bucuresti";17742
"MOLDOVEANU VIOREL-AURELI AN";"PARTIDUL DEMOCRAT LIBERAL";"S9 Bucuresti";10776
"BECHEANU MIHAI-BOGDAN";"PARTIDUL NOUA GENERATIE -CRESTIN DEMOCRAT";"S9 Bucuresti";4878
"RADOCEA HORIA-VALERIAN";"PARTIDUL NATIONAL LIBERAL";"S9 Bucuresti";4030
"BRUMUSESCU TOMA";"PARTIDUL ROMÂNIA MARE";"S9 Bucuresti";1613
"VAJDA BORBALA";"UNIUNEA DEMOCRATA MAGHIARA DIN ROMÂNIA";"S9 Bucuresti";162
"ANDRONESCU ECATERINA";"ALIANTA POLITICA PARTIDUL SOCIAL DEMOCRAT + PARTIDUL CONSERVATOR";"S10 Bucuresti";16828
"UDRISTE GHEORGHE";"PARTIDUL DEMOCRAT LIBERAL";"S10 Bucuresti";8308
"BANU CRISTIAN-SORIN";"PARTIDUL NATIONAL LIBERAL";"S10 Bucuresti";6063
"ANCA FLORICA";"PARTIDUL NOUA GENERATIE -CRESTIN DEMOCRAT";"S10 Bucuresti";1933
"BRANESCU CONSTANTIN";"PARTIDUL ROMÂNIA MARE";"S10 Bucuresti";1227
"TOKE ISTVÂN";"UNIUNEA DEMOCRATA MAGHIARA DIN ROMÂNIA";"S10 Bucuresti";104
"FELDMAN RADU-ALEXANDRU";"PARTIDUL DEMOCRAT LIBERAL";"S11 Bucuresti";19944
"NEDELCU COSTEL";"ALIANTA POLITICA PARTIDUL SOCIAL DEMOCRAT + PARTIDUL CONSERVATOR";"S11 Bucuresti";14858
"MANESCU RARES-SERBAN";"PARTIDUL NATIONAL LIBERAL";"S11 Bucuresti";9329
"PREDA ELENA";"PARTIDUL ROMÂNIA MARE";"S11 Bucuresti";2569
"GIUROIU ILARION";"PARTIDUL NOUA GENERATIE -CRESTIN DEMOCRAT";"S11 Bucuresti";1178
"SZILVESZTER ALEXANDRU";"UNIUNEA DEMOCRATA MAGHIARA DIN ROMÂNIA";"S11 Bucuresti";212
"MUTU GABRIEL";"PARTIDUL DEMOCRAT LIBERAL";"S12 Bucuresti";20429
"OLTEANU IONEL";"ALIANTA POLITICA PARTIDUL SOCIAL DEMOCRAT + PARTIDUL CONSERVATOR";"S12 Bucuresti";14755
"TOTI MIHAI";"PARTIDUL NATIONAL LIBERAL";"S12 Bucuresti";7082
"VADIM-TUDOR CORNELIU";"PARTIDUL ROMÂNIA MARE";"S12 Bucuresti";5203
"IANCU GHEORGHE";"PARTIDUL NOUA GENERATIE -CRESTIN DEMOCRAT";"S12 Bucuresti";1590
"BADEA VICTOR";"PARTIDUL VERDE ECOLOGIST";"S12 Bucuresti";814
"IONESCU ION";"PARTIDUL POPULAR SI AL PROTECTIEI SOCIALE";"S12 Bucuresti";345
"SZEGEDI ZOLTÂN";"UNIUNEA DEMOCRATA MAGHIARA DIN ROMÂNIA";"S12 Bucuresti";198
"TOPCIAN COSTEL";"ALIANTA POLITICA PARTIDUL SOCIAL DEMOCRAT + PARTIDUL CONSERVATOR";"S1 Buzau";21357
"CONSTANTINESCU VIOREL";"PARTIDUL DEMOCRAT LIBERAL";"S1 Buzau";19769
"SALCUTAN ALEXANDRU- LUCIAN";"PARTIDUL NATIONAL LIBERAL";"S1 Buzau";7526
"CRISTESCU CONSTANTIN";"PARTIDUL ROMÂNIA MARE";"S1 Buzau";2199
"SERBANOIU VASILE";"PARTIDUL NOUA GENERATIE -CRESTIN DEMOCRAT";"S1 Buzau";1531
"VLASE GHEORGHE";"PARTIDUL VERDE ECOLOGIST";"S1 Buzau";963
"KRISTO CSABA-LÂSZLO";"UNIUNEA DEMOCRATA MAGHIARA DIN ROMÂNIA";"S1 Buzau";119
"BÎGIU MARIAN-CRISTINEL";"PARTIDUL NATIONAL LIBERAL";"S2 Buzau";22016
"DAVID STEFAN";"ALIANTA POLITICA PARTIDUL SOCIAL DEMOCRAT + PARTIDUL CONSERVATOR";"S2 Buzau";18842
"NICU CRISTIAN-COSTEL";"PARTIDUL DEMOCRAT LIBERAL";"S2 Buzau";9482
"ROGOZ DUMITRU";"PARTIDUL ROMÂNIA MARE";"S2 Buzau";1222
"MIFTODE COSTEL";"PARTIDUL NOUA GENERATIE -CRESTIN DEMOCRAT";"S2 Buzau";729
"BOKOR GÂBOR";"UNIUNEA DEMOCRATA MAGHIARA DIN ROMÂNIA";"S2 Buzau";90
"ION VASILE";"ALIANTA POLITICA PARTIDUL SOCIAL DEMOCRAT + PARTIDUL CONSERVATOR";"S3 Buzau";29494
"ANGHEL OVIDIU";"PARTIDUL DEMOCRAT LIBERAL";"S3 Buzau";17288
"MARACINE NICOLAE";"PARTIDUL NATIONAL LIBERAL";"S3 Buzau";16921
"LALU NICOLAE";"PARTIDUL NOUA GENERATIE -CRESTIN DEMOCRAT";"S3 Buzau";1898
"CHIVOIU CONSTANTIN";"PARTIDUL ROMÂNIA MARE";"S3 Buzau";1662
"STEFANESCU LUCICA";"PARTIDUL POPULAR SI AL PROTECTIEI SOCIALE";"S3 Buzau";474
"SZOCS MIHÂLY";"UNIUNEA DEMOCRATA MAGHIARA DIN ROMÂNIA";"S3 Buzau";142
"NEDELCU VASILE";"PARTIDUL NATIONAL LIBERAL";"S1 Calarasi";23281
"MUSAT EMIL";"PARTIDUL DEMOCRAT LIBERAL";"S1 Calarasi";16600
"TARÂCILA DORU-IOAN";"ALIANTA POLITICA PARTIDUL SOCIAL DEMOCRAT + PARTIDUL CONSERVATOR";"S1 Calarasi";13797
"DUMITRU CONSTANTIN";"PARTIDUL ROMÂNIA MARE";"S1 Calarasi";2553
"PREDA ALEXANDRU";"PARTIDUL NOUA GENERATIE -CRESTIN DEMOCRAT";"S1 Calarasi";1291
"TORJAI ANNAMARIA";"UNIUNEA DEMOCRATA MAGHIARA DIN ROMÂNIA";"S1 Calarasi";163
"NICOLAI NORICA";"PARTIDUL NATIONAL LIBERAL";"S2 Calarasi";12375
"DUMITRU CONSTANTIN";"PARTIDUL DEMOCRAT LIBERAL";"S2 Calarasi";9887
"NEAGUION";"ALIANTA POLITICA PARTIDUL SOCIAL DEMOCRAT + PARTIDUL CONSERVATOR";"S2 Calarasi";5156
"BREZAE NICULAE";"PARTIDUL ROMÂNIA MARE";"S2 Calarasi";1254
"ARITON STEFAN";"PARTIDUL NOUA GENERATIE -CRESTIN DEMOCRAT";"S2 Calarasi";671
"POP PIROSKA";"UNIUNEA DEMOCRATA MAGHIARA DIN ROMÂNIA";"S2 Calarasi";78
"TUNEA OCTAVIAN GHEORGHE";"PARTIDUL DEMOCRAT LIBERAL";"S1 Caras-Severin";13451
"BALAN GHEORGHE-PAVEL";"ALIANTA POLITICA PARTIDUL SOCIAL DEMOCRAT + PARTIDUL CONSERVATOR";"S1 Caras-Severin";11312
"OLARU STEJAREL-NICOLAE";"PARTIDUL NATIONAL LIBERAL";"S1 Caras-Severin";7012
"VELA ION";"PARTIDUL NOUA GENERATIE -CRESTIN DEMOCRAT";"S1 Caras-Severin";3303
"PÂRVULESCU DUMITRU-TILICA";"PARTIDUL ROMÂNIA MARE";"S1 Caras-Severin";2219
"BEKE VASILIE";"UNIUNEA DEMOCRATA MAGHIARA DIN ROMÂNIA";"S1 Caras-Severin";738
"SECASANIOSIF";"PARTIDUL DEMOCRAT LIBERAL";"S2 Caras-Severin";24255
"LUPU MATEI";"ALIANTA POLITICA PARTIDUL SOCIAL DEMOCRAT + PARTIDUL CONSERVATOR";"S2 Caras-Severin";17743
"BOSNEAC VALENTIN-SAMUEL";"PARTIDUL NATIONAL LIBERAL";"S2 Caras-Severin";15940
"BUDA DORIN-SIMION";"PARTIDUL NOUA GENERATIE -CRESTIN DEMOCRAT";"S2 Caras-Severin";3062
"MURGOI PETRU-ILIE";"PARTIDUL ROMÂNIA MARE";"S2 Caras-Severin";1835
"LAZAR DOINA";"PARTIDUL VERDE ECOLOGIST";"S2 Caras-Severin";943
"PENZES TUNDE";"UNIUNEA DEMOCRATA MAGHIARA DIN ROMÂNIA";"S2 Caras-Severin";358
"HARDAU MIHAIL";"PARTIDUL DEMOCRAT LIBERAL";"S1 Cluj";24146
"MOLNOS LAJOS";"UNIUNEA DEMOCRATA MAGHIARA DIN ROMÂNIA";"S1 Cluj";8001
"BOLOVAN IOAN";"ALIANTA POLITICA PARTIDUL SOCIAL DEMOCRAT + PARTIDUL CONSERVATOR";"S1 Cluj";7784
"NETIN AUREL";"PARTIDUL NATIONAL LIBERAL";"S1 Cluj";5617
"DIMA ALEXANDRU";"PARTIDUL ROMÂNIA MARE";"S1 Cluj";2141
"KOVACS TIBERIU";"PARTIDUL NOUA GENERATIE CRESTIN DEMOCRAT";"S1 Cluj";376
"RÂDULESCU SERBAN";"PARTIDUL DEMOCRAT LIBERAL";"S2 Cluj";23687
"ECKSTEIN-KOVÂCS PETER";"UNIUNEA DEMOCRATA MAGHIARA DIN ROMÂNIA";"S2 Cluj";10095
"COZMA VASILE";"ALIANTA POLITICA PARTIDUL SOCIAL DEMOCRAT + PARTIDUL CONSERVATOR";"S2 Cluj";7242
"MORARIU LUCIA-NORA";"PARTIDUL NATIONAL LIBERAL";"S2 Cluj";6234
"POTRA DOREL";"PARTIDUL ROMÂNIA MARE";"S2 Cluj";1905
"TALPEANU IOAN-MIHAI";"PARTIDUL NOUA GENERATIE -CRESTIN DEMOCRAT";"S2 Cluj";454
"BENEA GHEORGHE";"PARTIDUL DEMOCRAT LIBERAL";"S3 Cluj";19234
"NICOARA MARIUS-PETRE";"PARTIDUL NATIONAL LIBERAL";"S3 Cluj";17009
"PUSCAS VASILE";"ALIANTA POLITICA PARTIDUL SOCIAL DEMOCRAT + PARTIDUL CONSERVATOR";"S3 Cluj";16628
"PETHO SIGISMUND";"UNIUNEA DEMOCRATA MAGHIARA DIN ROMÂNIA";"S3 Cluj";7926
"PACURAR-CRISAN MARIUS-CRISTIAN";"PARTIDUL NOUA GENERATIE -CRESTIN DEMOCRAT";"S3 Cluj";2281
"ILIES VASILE";"PARTIDUL ROMÂNIA MARE";"S3 Cluj";2176
"STEFANIE TUDOR";"PARTIDUL DEMOCRAT LIBERAL";"S4 Cluj";23284
"SZEDILEK LENKE";"UNIUNEA DEMOCRATA MAGHIARA DIN ROMÂNIA";"S4 Cluj";10125
"CORDOS ALEXANDRU";"ALIANTA POLITICA PARTIDUL SOCIAL DEMOCRAT + PARTIDUL CONSERVATOR";"S4 Cluj";8520
"FUNAR GHEORGHE";"PARTIDUL ROMÂNIA MARE";"S4 Cluj";5991
"PUSCA MIRCEA-VALER";"PARTIDUL NATIONAL LIBERAL";"S4 Cluj";4878
"LENCU MONICA-MARIA-AUGUSTA";"PARTIDUL NOUA GENERATIE CRESTIN DEMOCRAT";"S4 Cluj";931
"BRAILOIU TIT-LIVIU";"ALIANTA POLITICA PARTIDUL SOCIAL DEMOCRAT + PARTIDUL CONSERVATOR";"S1 Constanta";29709
"HASOTTI PUIU";"PARTIDUL NATIONAL LIBERAL";"S1 Constanta";19700
"CALAPOD TUDOREL";"PARTIDUL DEMOCRAT LIBERAL";"S1 Constanta";11283
"COMANICI RADU";"PARTIDUL ROMÂNIA MARE";"S1 Constanta";1501
"CANDINDATU GABRIEL";"PARTIDUL NOUA GENERATIE -CRESTIN DEMOCRAT";"S1 Constanta";869
"BARTUNEK ISTVAN";"UNIUNEA DEMOCRATA MAGHIARA DIN ROMÂNIA";"S1 Constanta";139
"MOGA NICOLAE";"ALIANTA POLITICA PARTIDUL SOCIAL DEMOCRAT + PARTIDUL CONSERVATOR";"S2 Constanta";33405
"ONACA DOREL-CONSTANTIN";"PARTIDUL DEMOCRAT LIBERAL";"S2 Constanta";19953
"CUPSA OVIDIU -SORIN";"PARTIDUL NATIONAL LIBERAL";"S2 Constanta";8784
"PANA MARIAN -STELIAN";"PARTIDUL NOUA GENERATIE -CRESTIN DEMOCRAT";"S2 Constanta";2279
"VRABIE VALENTIN -MARCEL";"PARTIDUL ROMÂNIA MARE";"S2 Constanta";2209
"BENEDEK ILDIKO";"UNIUNEA DEMOCRATA MAGHIARA DIN ROMÂNIA";"S2 Constanta";193
"MAZARE ALEXANDRU";"ALIANTA POLITICA PARTIDUL SOCIAL DEMOCRAT + PARTIDUL CONSERVATOR";"S3 Constanta";43872
"FLOREA DANIEL";"PARTIDUL DEMOCRAT LIBERAL";"S3 Constanta";22130
"ENESCU DUMITRU -MARIUS";"PARTIDUL NATIONAL LIBERAL";"S3 Constanta";4322
"STOIAN MIRCEA";"PARTIDUL ROMÂNIA MARE";"S3 Constanta";2046
"BOCAI CONSTANTIN";"PARTIDUL NOUA GENERATIE -CRESTIN DEMOCRAT";"S3 Constanta";855
"MOLNAR ISTVAN";"UNIUNEA DEMOCRATA MAGHIARA DIN ROMÂNIA";"S3 Constanta";143
"PATRUT EMIL-MIRCEA";"ALIANTA POLITICA PARTIDUL SOCIAL DEMOCRAT + PARTIDUL CONSERVATOR";"S4 Constanta";30108
"BANIAS MIRCEA -MARIUS";"PARTIDUL DEMOCRAT LIBERAL";"S4 Constanta";22746
"RÂDUCU CARMEN";"PARTIDUL NATIONAL LIBERAL";"S4 Constanta";6907
"SLANICEANU CONSTANTIN";"PARTIDUL ROMÂNIA MARE";"S4 Constanta";1961
"MANGIUREA MARIN- ANTON";"PARTIDUL NOUA GENERATIE -CRESTIN DEMOCRAT";"S4 Constanta";836
"PANTAZESCU STELIAN";"PARTIDUL POPULAR SI AL PROTECTIEI SOCIALE";"S4 Constanta";556
"TOLDISAN ILDIKO";"UNIUNEA DEMOCRATA MAGHIARA DIN ROMÂNIA";"S4 Constanta";357
"ALBERT ÂLMOS";"UNIUNEA DEMOCRATA MAGHIARA DIN ROMÂNIA";"S1 Covasna";16337
"SZILÂGYI SÂNDOR-ROBERT";"CANDIDAT INDEPENDENT";"S1 Covasna";5783
"MORAR CATALIN-GEORGE";"ALIANTA POLITICA PARTIDUL SOCIAL DEMOCRAT + PARTIDUL CONSERVATOR";"S1 Covasna";2578
"STRÂCHINARU PETRE";"PARTIDUL DEMOCRAT LIBERAL";"S1 Covasna";2419
"POLHAC GHEORGHE";"PARTIDUL NATIONAL LIBERAL";"S1 Covasna";866
"KANTOR TIBERIU";"PARTIDUL NOUA GENERATIE -CRESTIN DEMOCRAT";"S1 Covasna";697
"OLTEANU LAURA";"PARTIDUL ROMÂNIA MARE";"S1 Covasna";691
"BOKOR TIBERIU";"UNIUNEA DEMOCRATA MAGHIARA DIN ROMÂNIA";"S2 Covasna";19273
"MARIN GHEORGHE";"ALIANTA POLITICA PARTIDUL SOCIAL DEMOCRAT + PARTIDUL CONSERVATOR";"S2 Covasna";4257
"ONEA GHEORGHE-ADRIAN";"PARTIDUL DEMOCRAT LIBERAL";"S2 Covasna";2103
"BOTE AUREL";"PARTIDUL NATIONAL LIBERAL";"S2 Covasna";1507
"CIUBOTARIU GHEORGHE";"PARTIDUL ROMÂNIA MARE";"S2 Covasna";577
"DARCIUC ALEXANDRU";"PARTIDUL NOUA GENERATIE -CRESTIN DEMOCRAT";"S2 Covasna";390
"TUTUIANU ADRIAN";"ALIANTA POLITICA PARTIDUL SOCIAL DEMOCRAT + PARTIDUL CONSERVATOR";"S1 Dambovita";33305
"MANOLESCU ELENA";"PARTIDUL DEMOCRAT LIBERAL";"S1 Dambovita";25891
"DUMITRESCU ION-MIHAI";"PARTIDUL NATIONAL LIBERAL";"S1 Dambovita";8978
"DUMITRU PETRE";"PARTIDUL ROMÂNIA MARE";"S1 Dambovita";2057
"NICULAE SEBASTIAN-TOMA";"PARTIDUL NOUA GENERATIE -CRESTIN DEMOCRAT";"S1 Dambovita";1609
"CSEPELLA IOAN-MATEI";"UNIUNEA DEMOCRATA MAGHIARA DIN ROMÂNIA";"S1 Dambovita";223
"ANDREI FLORIN-MIRCEA";"PARTIDUL DEMOCRAT LIBERAL";"S2 Dambovita";30894
"DRÂGUSIN MARIAN";"ALIANTA POLITICA PARTIDUL SOCIAL DEMOCRAT + PARTIDUL CONSERVATOR";"S2 Dambovita";15090
"ALEXANDRESCU ALEXANDRU";"PARTIDUL NATIONAL LIBERAL";"S2 Dambovita";6626
"REGHECAMPF LAURENTIU- AURELIAN";"PARTIDUL NOUA GENERATIE -CRESTIN DEMOCRAT";"S2 Dambovita";1830
"CAPLESCU GHEORGHE";"PARTIDUL ROMÂNIA MARE";"S2 Dambovita";1782
"MIHAI GHEORGHE";"PARTIDUL POPULAR SI AL PROTECTIEI SOCIALE";"S2 Dambovita";859
"CEP AN CLAUDIU-STEFAN";"UNIUNEA DEMOCRATA MAGHIARA DIN ROMÂNIA";"S2 Dambovita";155
"CALCAN VALENTIN-GIGEL";"PARTIDUL DEMOCRAT LIBERAL";"S3 Dambovita";36097
"NICOLAE ION";"ALIANTA POLITICA PARTIDUL SOCIAL DEMOCRAT + PARTIDUL CONSERVATOR";"S3 Dambovita";21701
"BASCEANU OVIDIU";"PARTIDUL NATIONAL LIBERAL";"S3 Dambovita";4753
"PATULEA DORU";"PARTIDUL ROMÂNIA MARE";"S3 Dambovita";1483
"GHIMPAU ION";"PARTIDUL NOUA GENERATIE -CRESTIN DEMOCRAT";"S3 Dambovita";1428
"TANASESCU CLAUDIU";"PARTIDUL POPULAR SI AL PROTECTIEI SOCIALE";"S3 Dambovita";882
"ZAMFIR GHEORGHE";"PARTIDUL VERDE ECOLOGIST";"S3 Dambovita";862
"GULYAS LADISLAU";"UNIUNEA DEMOCRATA MAGHIARA DIN ROMÂNIA";"S3 Dambovita";212
"BERCEANU RADU-MIRCEA";"PARTIDUL DEMOCRAT LIBERAL";"S1 Dolj";20229
"DOBRESCU MARIA-ANTONETA";"ALIANTA POLITICA PARTIDUL SOCIAL DEMOCRAT + PARTIDUL CONSERVATOR";"S1 Dolj";15900
"UNGUREANU DUMITRU";"PARTIDUL NATIONAL LIBERAL";"S1 Dolj";5052
"ISCRU GHEORGHE";"PARTIDUL ROMÂNIA MARE";"S1 Dolj";1645
"CERCELARU ION";"PARTIDUL NOUA GENERATIE -CRESTIN DEMOCRAT";"S1 Dolj";950
"BORZÂSIIULIU";"UNIUNEA DEMOCRATA MAGHIARA DIN ROMÂNIA";"S1 Dolj";99
"POPESCU IRINEL";"ALIANTA POLITICA PARTIDUL SOCIAL DEMOCRAT + PARTIDUL CONSERVATOR";"S2 Dolj";20884
"UDRISTOIU TUDOR";"PARTIDUL DEMOCRAT LIBERAL";"S2 Dolj";15925
"CALANGIU CRISTINA-MARIANA";"PARTIDUL NATIONAL LIBERAL";"S2 Dolj";7718
"LIS VIOREL";"PARTIDUL ROMÂNIA MARE";"S2 Dolj";999
"GHEORGHE MITICA-DUMITRU";"PARTIDUL NOUA GENERATIE -CRESTIN DEMOCRAT";"S2 Dolj";702
"DUMITRESCU EMIL";"PARTIDUL VERDE ECOLOGIST";"S2 Dolj";640
"MIKLOS IOAN";"UNIUNEA DEMOCRATA MAGHIARA DIN ROMÂNIA";"S2 Dolj";79
"VASILESCU LIA-OLGUTA";"ALIANTA POLITICA PARTIDUL SOCIAL DEMOCRAT + PARTIDUL CONSERVATOR";"S3 Dolj";31240
"GEORGESCU EUGEN";"PARTIDUL DEMOCRAT LIBERAL";"S3 Dolj";11150
"CALIN VIOREL";"PARTIDUL NATIONAL LIBERAL";"S3 Dolj";4684
"FLORICEL STELIAN";"PARTIDUL ROMÂNIA MARE";"S3 Dolj";1132
"VANA NICOLAE";"PARTIDUL NOUA GENERATIE -CRESTIN DEMOCRAT";"S3 Dolj";691
"BOGDAN FLORIN";"PARTIDUL VERDE ECOLOGIST";"S3 Dolj";678
"NAGY-MÂTE ANDREI";"UNIUNEA DEMOCRATA MAGHIARA DIN ROMÂNIA";"S3 Dolj";81
"IANCU CONSTANTIN";"PARTIDUL DEMOCRAT LIBERAL";"S4 Dolj";14287
"CRÂNGUS FLOREA";"ALIANTA POLITICA PARTIDUL SOCIAL DEMOCRAT + PARTIDUL CONSERVATOR";"S4 Dolj";12731
"OPREA MARIO-OVIDIU";"PARTIDUL NATIONAL LIBERAL";"S4 Dolj";11440
"TOPALAIOAN-NICOLAE";"PARTIDUL ROMÂNIA MARE";"S4 Dolj";678
"ENACHESCU GHEORGHE";"PARTIDUL NOUA GENERATIE -CRESTIN DEMOCRAT";"S4 Dolj";437
"NYAKO IOZSEF";"UNIUNEA DEMOCRATA MAGHIARA DIN ROMÂNIA";"S4 Dolj";95
"GEOANA MIRCEA-DAN";"ALIANTA POLITICA PARTIDUL SOCIAL DEMOCRAT + PARTIDUL CONSERVATOR";"S5 Dolj";43508
"GIUGEA NICOLAE";"PARTIDUL DEMOCRAT LIBERAL";"S5 Dolj";17343
"COSTEA ELENA";"PARTIDUL NATIONAL LIBERAL";"S5 Dolj";4054
"BACEA LIDIA";"PARTIDUL ROMÂNIA MARE";"S5 Dolj";1112
"MANESCU PAUL-SABIN";"PARTIDUL VERDE ECOLOGIST";"S5 Dolj";964
"TURCIANU EUGEN-VIC TOR-G ABRIEL";"PARTIDUL NOUA GENERATIE -CRESTIN DEMOCRAT";"S5 Dolj";702
"BARABAS EMERIC";"UNIUNEA DEMOCRATA MAGHIARA DIN ROMÂNIA";"S5 Dolj";62
"CHIRVASUTA LAURENTIU";"ALIANTA POLITICA PARTIDUL SOCIAL DEMOCRAT + PARTIDUL CONSERVATOR";"S1 Galati";20895
"PETREA CONSTANTIN";"PARTIDUL DEMOCRAT LIBERAL";"S1 Galati";16645
"PACURARU NICOLAE-PAUL- ANTON";"PARTIDUL NATIONAL LIBERAL";"S1 Galati";15344
"GROSU ION";"PARTIDUL ROMÂNIA MARE";"S1 Galati";1621
"TOCU IULIAN-STEFAN";"PARTIDUL NOUA GENERATIE -CRESTIN DEMOCRAT";"S1 Galati";1348
"ION GHEORGHE";"PARTIDUL NATIONAL DEMOCRAT CRESTIN";"S1 Galati";758
"TIMBOLSCHI ILDIKO";"UNIUNEA DEMOCRATA MAGHIARA DIN ROMÂNIA";"S1 Galati";229
"SAGHIAN GHEORGHE";"ALIANTA POLITICA PARTIDUL SOCIAL DEMOCRAT + PARTIDUL CONSERVATOR";"S2 Galati";27206
"LIFICIU PETRU";"PARTIDUL DEMOCRAT LIBERAL";"S2 Galati";9585
"UNGURIANU SORIN";"PARTIDUL NATIONAL LIBERAL";"S2 Galati";4391
"PRISECARU IULIAN";"PARTIDUL ROMÂNIA MARE";"S2 Galati";1389
"GRIGORUTA PETRICA '";"PARTIDUL NOUA GENERATIE -CRESTIN DEMOCRAT";"S2 Galati";835
"MORARU GHIORGHE";"PARTIDUL NATIONAL DEMOCRAT CRESTIN";"S2 Galati";398
"GIUREAIOSIF";"UNIUNEA DEMOCRATA MAGHIARA DIN ROMÂNIA";"S2 Galati";146
"DOBROVICI-BACALBASA NICOLAE";"ALIANTA POLITICA PARTIDUL SOCIAL DEMOCRAT + PARTIDUL CONSERVATOR";"S3 Galati";19043
"ARAMA IULIAN-NICUSOR";"PARTIDUL DEMOCRAT LIBERAL";"S3 Galati";14433
"ICHIM PAUL";"PARTIDUL NATIONAL LIBERAL";"S3 Galati";6421
"DINA CAROL";"PARTIDUL ROMÂNIA MARE";"S3 Galati";2084
"DANILA MARIUS";"PARTIDUL NOUA GENERATIE -CRESTIN DEMOCRAT";"S3 Galati";986
"CERNAT IONEL-FLORIN";"PARTIDUL VERDE ECOLOGIST";"S3 Galati";917
"FAZEKAS LORÂND";"UNIUNEA DEMOCRATA MAGHIARA DIN ROMÂNIA";"S3 Galati";168
"MÎNZU VIOREL-NICOLAE";"ALIANTA POLITICA PARTIDUL SOCIAL DEMOCRAT + PARTIDUL CONSERVATOR";"S4 Galati";19366
"NECULA MARIUS-GERARD";"PARTIDUL DEMOCRAT LIBERAL";"S4 Galati";15869
"CRISTEA DUMITRU";"PARTIDUL NATIONAL LIBERAL";"S4 Galati";4988
"BELTIC VIOREL";"PARTIDUL ROMÂNIA MARE";"S4 Galati";1716
"SILIVESTRU ADRIAN";"PARTIDUL NOUA GENERATIE -CRESTIN DEMOCRAT";"S4 Galati";1131
"BALÂC GHEORGHE";"PARTIDUL NATIONAL DEMOCRAT CRESTIN";"S4 Galati";209
"KNOBLOCH MIHAIL";"UNIUNEA DEMOCRATA MAGHIARA DIN ROMÂNIA";"S4 Galati";162
"MAGUREANU CEZAR-MIRCEA";"PARTIDUL NATIONAL LIBERAL";"S1 Giurgiu";18110
"RÂDOI ION";"ALIANTA POLITICA PARTIDUL SOCIAL DEMOCRAT + PARTIDUL CONSERVATOR";"S1 Giurgiu";13124
"MOCANESCU-COLOROS DAN-CONSTANTIN";"PARTIDUL DEMOCRAT LIBERAL";"S1 Giurgiu";10090
"NEACSU PETRE";"PARTIDUL ROMÂNIA MARE";"S1 Giurgiu";2011
"IOFCEA GHEORGHE";"PARTIDUL NOUA GENERATIE -CRESTIN DEMOCRAT";"S1 Giurgiu";982
"FODRE GABRIELA";"UNIUNEA DEMOCRATA MAGHIARA DIN ROMÂNIA";"S1 Giurgiu";175
"MUSTATEA VASILE";"PARTIDUL NATIONAL LIBERAL";"S2 Giurgiu";28629
"TOADER GABRIEL-RÂSVAN";"PARTIDUL DEMOCRAT LIBERAL";"S2 Giurgiu";14006
"MARCIU OVIDIU-CRISTIAN-DAN";"ALIANTA POLITICA PARTIDUL SOCIAL DEMOCRAT + PARTIDUL CONSERVATOR";"S2 Giurgiu";5951
"VASILIU IOAN-EMIL";"PARTIDUL ROMÂNIA MARE";"S2 Giurgiu";858
"GEBAILA REMUS";"PARTIDUL NOUA GENERATIE -CRESTIN DEMOCRAT";"S2 Giurgiu";356
"NAGY GHIZELA";"UNIUNEA DEMOCRATA MAGHIARA DIN ROMÂNIA";"S2 Giurgiu";108
"FLORESCU ION";"ALIANTA POLITICA PARTIDUL SOCIAL DEMOCRAT + PARTIDUL CONSERVATOR";"S1 Gorj";25755
"RUSET ION";"PARTIDUL DEMOCRAT LIBERAL";"S1 Gorj";21587
"CRETAN VASILE";"PARTIDUL NATIONAL LIBERAL";"S1 Gorj";9287
"RÂDUCU ION";"PARTIDUL ROMÂNIA MARE";"S1 Gorj";2935
"DURBACEA-BOLOVAN MARIAN";"PARTIDUL NOUA GENERATIE -CRESTIN DEMOCRAT";"S1 Gorj";1306
"ORIENT OTTO";"UNIUNEA DEMOCRATA MAGHIARA DIN ROMÂNIA";"S1 Gorj";297
"GREBLA TONI";"ALIANTA POLITICA PARTIDUL SOCIAL DEMOCRAT + PARTIDUL CONSERVATOR";"S2 Gorj";29527
"ANDREI VASILE-LIVIU";"PARTIDUL DEMOCRAT LIBERAL";"S2 Gorj";18452
"BERCEA NICOLAE";"PARTIDUL NATIONAL LIBERAL";"S2 Gorj";6568
"AVRAM GABRIELA";"PARTIDUL ROMÂNIA MARE";"S2 Gorj";3232
"BÂLAN VALENTIN";"PARTIDUL NOUA GENERATIE -CRESTIN DEMOCRAT";"S2 Gorj";1421
"ORBAN FERENC";"UNIUNEA DEMOCRATA MAGHIARA DIN ROMÂNIA";"S2 Gorj";288
"GYERKO LÂSZLO";"UNIUNEA DEMOCRATA MAGHIARA DIN ROMÂNIA";"S1 Harghita";42039
"MALE DORIN";"PARTIDUL DEMOCRAT LIBERAL";"S1 Harghita";1890
"BREAZU VASILE-SILVIU";"ALIANTA POLITICA PARTIDUL SOCIAL DEMOCRAT + PARTIDUL CONSERVATOR";"S1 Harghita";1557
"BURJAN-ANDREI GABRIEL";"PARTIDUL NATIONAL LIBERAL";"S1 Harghita";960
"COLCERIU-DANDU PETRU";"PARTIDUL NOUA GENERATIE -CRESTIN DEMOCRAT";"S1 Harghita";442
"VERESTOY ATTILA";"UNIUNEA DEMOCRATA MAGHIARA DIN ROMÂNIA";"S2 Harghita";42683
"DOSA BÂRNA";"PARTIDUL VERDE ECOLOGIST";"S2 Harghita";6372
"GLODEANU CRISTINEL-FANEL";"ALIANTA POLITICA PARTIDUL SOCIAL DEMOCRAT + PARTIDUL CONSERVATOR";"S2 Harghita";4540
"SABAU GRIGORE";"PARTIDUL DEMOCRAT LIBERAL";"S2 Harghita";2820
"POP ADRIAN";"PARTIDUL NATIONAL LIBERAL";"S2 Harghita";2365
"DITA MARCELA";"PARTIDUL NOUA GENERATIE -CRESTIN DEMOCRAT";"S2 Harghita";919
"NICULA VASILE-COSMIN";"ALIANTA POLITICA PARTIDUL SOCIAL DEMOCRAT + PARTIDUL CONSERVATOR";"S1 Hunedoara";19563
"BARBU GHEORGHE";"PARTIDUL DEMOCRAT LIBERAL";"S1 Hunedoara";16085
"SIMOTA ALIN";"PARTIDUL NATIONAL LIBERAL";"S1 Hunedoara";7042
"ANDRAS IOSIF";"UNIUNEA DEMOCRATA MAGHIARA DIN ROMÂNIA";"S1 Hunedoara";2307
"RACOTEA FLORIN";"PARTIDUL ROMÂNIA MARE";"S1 Hunedoara";2265
"POP NICOLINA";"PARTIDUL NOUA GENERATIE -CRESTIN DEMOCRAT";"S1 Hunedoara";978
"PAUNESCU ADRIAN";"ALIANTA POLITICA PARTIDUL SOCIAL DEMOCRAT + PARTIDUL CONSERVATOR";"S2 Hunedoara";14933
"ARDELEAN BEN-ONI";"PARTIDUL NATIONAL LIBERAL";"S2 Hunedoara";13967
"PARAN DORIN";"PARTIDUL DEMOCRAT LIBERAL";"S2 Hunedoara";13691
"POENAR MIHAI";"PARTIDUL ROMÂNIA MARE";"S2 Hunedoara";2264
"VERESS EDMUND-PETRU";"UNIUNEA DEMOCRATA MAGHIARA DIN ROMÂNIA";"S2 Hunedoara";694
"BACIU GRIGORE-CORIOLAN";"PARTIDUL NOUA GENERATIE -CRESTIN DEMOCRAT";"S2 Hunedoara";692
"RUSANU DAN-RADU";"PARTIDUL NATIONAL LIBERAL";"S3 Hunedoara";24550
"LEU MIHAI";"ALIANTA POLITICA PARTIDUL SOCIAL DEMOCRAT + PARTIDUL CONSERVATOR";"S3 Hunedoara";23108
"VLADU CRISTIAN-MARIUS";"PARTIDUL DEMOCRAT LIBERAL";"S3 Hunedoara";20196
"BENDE BARNA-GAVRIL";"UNIUNEA DEMOCRATA MAGHIARA DIN ROMÂNIA";"S3 Hunedoara";5063
"AVRAM COSTEL";"PARTIDUL ROMÂNIA MARE";"S3 Hunedoara";3700
"POPOVICIU DOINA";"PARTIDUL NOUA GENERATIE -CRESTIN DEMOCRAT";"S3 Hunedoara";1349
"STIUCA ALECSANDRU";"ALIANTA POLITICA PARTIDUL SOCIAL DEMOCRAT + PARTIDUL CONSERVATOR";"S1 Ialomita";19598
"PANTURU TUDOR";"PARTIDUL DEMOCRAT LIBERAL";"S1 Ialomita";10589
"VASILE MITU";"PARTIDUL NATIONAL LIBERAL";"S1 Ialomita";10029
"SAVU GHEORGHE";"PARTIDUL ROMÂNIA MARE";"S1 Ialomita";2290
"STOIAN VALENTIN";"PARTIDUL NOUA GENERATIE -CRESTIN DEMOCRAT";"S1 Ialomita";1066
"LAKATOS ANDREI";"UNIUNEA DEMOCRATA MAGHIARA DIN ROMÂNIA";"S1 Ialomita";94
"GAINA MIHAITA";"ALIANTA POLITICA PARTIDUL SOCIAL DEMOCRAT + PARTIDUL CONSERVATOR";"S2 Ialomita";19637
"CAZACU MARINICA";"PARTIDUL DEMOCRAT LIBERAL";"S2 Ialomita";15061
"ANTONESCU LIDUN-CATALIN";"PARTIDUL NATIONAL LIBERAL";"S2 Ialomita";5271
"ZARNESCU VASILE";"PARTIDUL ROMÂNIA MARE";"S2 Ialomita";1372
"BLÎNDU RODICA";"PARTIDUL NOUA GENERATIE -CRESTIN DEMOCRAT";"S2 Ialomita";892
"TIBAD ZOLTAN";"UNIUNEA DEMOCRATA MAGHIARA DIN ROMÂNIA";"S2 Ialomita";71
"VOSGANIAN VARUJAN";"PARTIDUL NATIONAL LIBERAL";"S1 Iasi";17854
"ENACHE MARIAN";"ALIANTA POLITICA PARTIDUL SOCIAL DEMOCRAT + PARTIDUL CONSERVATOR";"S1 Iasi";16842
"SERBAN IULIAN";"PARTIDUL DEMOCRAT LIBERAL";"S1 Iasi";15597
"POSTU LUCIAN-AURELIAN";"PARTIDUL VERDE ECOLOGIST";"S1 Iasi";2440
"AMITITELOAIE ALEXANDRU";"PARTIDUL ROMÂNIA MARE";"S1 Iasi";1289
"ROSU CORNELIU";"PARTIDUL NOUA GENERATIE -CRESTIN DEMOCRAT";"S1 Iasi";888
"DARI TOMA";"UNIUNEA DEMOCRATA MAGHIARA DIN ROMÂNIA";"S1 Iasi";89
"TERINTE RADU";"PARTIDUL NATIONAL LIBERAL";"S2 Iasi";14177
"LAZAR SORIN-CONSTANTIN";"ALIANTA POLITICA PARTIDUL SOCIAL DEMOCRAT + PARTIDUL CONSERVATOR";"S2 Iasi";13422
"FLAISER LUCIAN";"PARTIDUL DEMOCRAT LIBERAL";"S2 Iasi";10237
"IANOLE JANICA";"PARTIDUL VERDE ECOLOGIST";"S2 Iasi";1965
"DRUTCA VASILE";"PARTIDUL NOUA GENERATIE -CRESTIN DEMOCRAT";"S2 Iasi";1054
"APOSTOLESCU MARIA";"PARTIDUL ROMÂNIA MARE";"S2 Iasi";987
"MIKLOS ANDREI";"UNIUNEA DEMOCRATA MAGHIARA DIN ROMÂNIA";"S2 Iasi";83
"CONSTANTINESCU FLORIN";"ALIANTA POLITICA PARTIDUL SOCIAL DEMOCRAT + PARTIDUL CONSERVATOR";"S3 Iasi ";20138
"RUSU LEONARD";"PARTIDUL DEMOCRAT LIBERAL";"S3 Iasi ";11217
"ISOPESCU DORINA-NICOLINA";"PARTIDUL NATIONAL LIBERAL";"S3 Iasi ";8499
"JITARU CONSTANTIN";"PARTIDUL ROMÂNIA MARE";"S3 Iasi ";1245
"AVRAM COSTICA";"PARTIDUL NOUA GENERATIE -CRESTIN DEMOCRAT";"S3 Iasi ";606
"GÂBOR GABRIELA";"UNIUNEA DEMOCRATA MAGHIARA DIN ROMÂNIA";"S3 Iasi ";97
"POPA MIHAELA";"PARTIDUL DEMOCRAT LIBERAL";"S4 Iasi";17571
"NANI IOAN";"ALIANTA POLITICA PARTIDUL SOCIAL DEMOCRAT + PARTIDUL CONSERVATOR";"S4 Iasi";16706
"HURMUZACHE MIHNEA-EUDOXIU";"PARTIDUL NATIONAL LIBERAL";"S4 Iasi";5917
"MANOLE BOGDAN-MUGUR";"PARTIDUL ROMÂNIA MARE";"S4 Iasi";1732
"GHIGA VASILE";"PARTIDUL VERDE ECOLOGIST";"S4 Iasi";791
"ANGHEL MIHAI-PETRE";"PARTIDUL NOUA GENERATIE -CRESTIN DEMOCRAT";"S4 Iasi";763
"LUPUSORU ELENA-CATALINA";"PARTIDUL POPULAR SI AL PROTECTIEI SOCIALE";"S4 Iasi";424
"VIGHADÂM-KAROLY";"UNIUNEA DEMOCRATA MAGHIARA DIN ROMÂNIA";"S4 Iasi";89
"OPREA DUMITRU";"PARTIDUL DEMOCRAT LIBERAL";"S5 Iasi";22692
"NECULAU CONSTANTIN";"ALIANTA POLITICA PARTIDUL SOCIAL DEMOCRAT + PARTIDUL CONSERVATOR";"S5 Iasi";16102
"BURLEA MARIN";"PARTIDUL NATIONAL LIBERAL";"S5 Iasi";7871
"BLAGOI OLIMPIA";"PARTIDUL ROMÂNIA MARE";"S5 Iasi";1943
"BALANESCU SORIN";"PARTIDUL NOUA GENERATIE -CRESTIN DEMOCRAT";"S5 Iasi";1046
"PÂLL ZSOLT";"UNIUNEA DEMOCRATA MAGHIARA DIN ROMÂNIA";"S5 Iasi";112
"IORDANESCU ANGHEL";"ALIANTA POLITICA PARTIDUL SOCIAL DEMOCRAT + PARTIDUL CONSERVATOR";"S1 Ilfov";26090
"DELCEA VALENTIN";"PARTIDUL DEMOCRAT LIBERAL";"S1 Ilfov";24741
"ZAMFIR GABRIEL-SORIN";"PARTIDUL NATIONAL LIBERAL";"S1 Ilfov";5498
"BUCUR CONSTANTIN";"PARTIDUL NOUA GENERATIE -CRESTIN DEMOCRAT";"S1 Ilfov";2174
"CONSTANTIN ION";"PARTIDUL ROMÂNIA MARE";"S1 Ilfov";1096
"POPESCU NICOLAE";"PARTIDUL POPULAR SI AL PROTECTIEI SOCIALE";"S1 Ilfov";196
"KISS TIBERIU";"UNIUNEA DEMOCRATA MAGHIARA DIN ROMÂNIA";"S1 Ilfov";136
"PETRACHE MARIAN";"PARTIDUL NATIONAL LIBERAL";"S2 Ilfov";20548
"URBAN IULIAN";"PARTIDUL DEMOCRAT LIBERAL";"S2 Ilfov";20204
"MURESAN MIRCEA";"ALIANTA POLITICA PARTIDUL SOCIAL DEMOCRAT + PARTIDUL CONSERVATOR";"S2 Ilfov";8418
"CONSTANTIN CONSTANTIN";"PARTIDUL NOUA GENERATIE -CRESTIN DEMOCRAT";"S2 Ilfov";1782
"APOSTOL VIRGIL";"PARTIDUL ROMÂNIA MARE";"S2 Ilfov";1287
"OPREA FLORI AN";"PARTIDUL VERDE ECOLOGIST";"S2 Ilfov";384
"VAJNA LÂSZLO";"UNIUNEA DEMOCRATA MAGHIARA DIN ROMÂNIA";"S2 Ilfov";151
"POP MARIANA";"PARTIDUL DEMOCRAT LIBERAL";"S1 Maramures";15896
"MIHALACHE SORIN-DAN";"ALIANTA POLITICA PARTIDUL SOCIAL DEMOCRAT + PARTIDUL CONSERVATOR";"S1 Maramures";14188
"PASCA LIVIU-TITUS";"PARTIDUL NATIONAL LIBERAL";"S1 Maramures";11965
"CAPUSAN EDIT-REKA";"UNIUNEA DEMOCRATA MAGHIARA DIN ROMÂNIA";"S1 Maramures";5630
"BERLINGHER VASILE";"PARTIDUL ROMÂNIA MARE";"S1 Maramures";2256
"MOGA LILIANA REGHINA";"PARTIDUL NOUA GENERATIE -CRESTIN DEMOCRAT";"S1 Maramures";1230
"FILIP CLAUDIU GHEORGHE";"PARTIDUL VERDE ECOLOGIST";"S1 Maramures";855
"BOTA MARIUS-SORIN-OVIDIU";"ALIANTA POLITICA PARTIDUL SOCIAL DEMOCRAT + PARTIDUL CONSERVATOR";"S2 Maramures";17373
"MUNTE ANU RADU-MIRCEA";"PARTIDUL DEMOCRAT LIBERAL";"S2 Maramures";15378
"CIOCAN MIRCEA";"PARTIDUL NATIONAL LIBERAL";"S2 Maramures";4951
"MIKLOS CSABA";"UNIUNEA DEMOCRATA MAGHIARA DIN ROMÂNIA";"S2 Maramures";3682
"TURCU IOAN";"PARTIDUL NOUA GENERATIE -CRESTIN DEMOCRAT";"S2 Maramures";1690
"SUIAN PAVEL-GAVRIL";"PARTIDUL ROMÂNIA MARE";"S2 Maramures";1661
"PÂRVU GHEORGHE";"PARTIDUL POPULAR SI AL PROTECTIEI SOCIALE";"S2 Maramures";152
"BÎRLEA GHEORGHE";"PARTIDUL DEMOCRAT LIBERAL";"S3 Maramures";16294
"GODJA EUGENIA";"ALIANTA POLITICA PARTIDUL SOCIAL DEMOCRAT + PARTIDUL CONSERVATOR";"S3 Maramures";15289
"CORODAN IOAN";"PARTIDUL NATIONAL LIBERAL";"S3 Maramures";9599
"KOKENYESDI MIHAI-STEFAN";"UNIUNEA DEMOCRATA MAGHIARA DIN ROMÂNIA";"S3 Maramures";2502
"MIHORDEA MIRCEA";"PARTIDUL ROMÂNIA MARE";"S3 Maramures";2201
"BOICO SERGHEI-VALENTIN";"PARTIDUL NOUA GENERATIE -CRESTIN DEMOCRAT";"S3 Maramures";2104
"PASCU VASILE-STEFAN";"PARTIDUL POPULAR SI AL PROTECTIEI SOCIALE";"S3 Maramures";560
"STANISOARÂ MIHAI";"PARTIDUL DEMOCRAT LIBERAL";"S1 Mehedinti";26834
"SÂRBULESCU ION";"ALIANTA POLITICA PARTIDUL SOCIAL DEMOCRAT + PARTIDUL CONSERVATOR";"S1 Mehedinti";13733
"TUDOR PAUL";"PARTIDUL NATIONAL LIBERAL";"S1 Mehedinti";6939
"MARINESCU IRINEL";"PARTIDUL ROMÂNIA MARE";"S1 Mehedinti";1383
"NEGOITA FLOREA";"PARTIDUL NOUA GENERATIE -CRESTIN DEMOCRAT";"S1 Mehedinti";969
"MOLNAR ENDRE";"UNIUNEA DEMOCRATA MAGHIARA DIN ROMÂNIA";"S1 Mehedinti";259
"DAEA PETRE";"ALIANTA POLITICA PARTIDUL SOCIAL DEMOCRAT + PARTIDUL CONSERVATOR";"S2 Mehedinti";21550
"MAZILU LIVIU-LUCIAN";"PARTIDUL NATIONAL LIBERAL";"S2 Mehedinti";16423
"IFTIMIE CONSTANTIN";"PARTIDUL DEMOCRAT LIBERAL";"S2 Mehedinti";14752
"DRÂGHIA I STEFAN DANIEL";"PARTIDUL ROMÂNIA MARE";"S2 Mehedinti";1595
"FIRESCU CONSTANTIN";"PARTIDUL NOUA GENERATIE -CRESTIN DEMOCRAT";"S2 Mehedinti";929
"MATYUS PAL";"UNIUNEA DEMOCRATA MAGHIARA DIN ROMÂNIA";"S2 Mehedinti";140
"FRUNDA GYORGY";"UNIUNEA DEMOCRATA MAGHIARA DIN ROMÂNIA";"S1 Mures";28842
"PORUTIU MIHAIL";"PARTIDUL DEMOCRAT LIBERAL";"S1 Mures";14170
"SOCOTAR GHEORGHE-DINU";"ALIANTA POLITICA PARTIDUL SOCIAL DEMOCRAT + PARTIDUL CONSERVATOR";"S1 Mures";7922
"MOLDOVAN VIOREL";"PARTIDUL ROMÂNIA MARE";"S1 Mures";3399
"GHEORGHE CORNEL";"PARTIDUL NATIONAL LIBERAL";"S1 Mures";3267
"PISAU DAN";"PARTIDUL NOUA GENERATIE -CRESTIN DEMOCRAT";"S1 Mures";539
"MARKO BELA";"UNIUNEA DEMOCRATA MAGHIARA DIN ROMÂNIA";"S2 Mures";30640
"SCHWARTZ LADISLAU";"PARTIDUL DEMOCRAT LIBERAL";"S2 Mures";4022
"COVACI MIHAIL";"ALIANTA POLITICA PARTIDUL SOCIAL DEMOCRAT + PARTIDUL CONSERVATOR";"S2 Mures";3886
"KINCSES ELOD GHEZA";"CANDIDAT INDEPENDENT";"S2 Mures";3220
"LUKACS LORAND ISTVAN";"PARTIDUL NATIONAL LIBERAL";"S2 Mures";1927
"TEODOSIU ALEXANDRU";"PARTIDUL ROMÂNIA MARE";"S2 Mures";1803
"SERBAN ALEXANDRU";"PARTIDUL NOUA GENERATIE -CRESTIN DEMOCRAT";"S2 Mures";553
"BASA PETRU";"PARTIDUL DEMOCRAT LIBERAL";"S3 Mures";13617
"ANTONIE STEFAN-MIHAIL";"ALIANTA POLITICA PARTIDUL SOCIAL DEMOCRAT + PARTIDUL CONSERVATOR";"S3 Mures";11669
"SZAKÂCS IOAN";"UNIUNEA DEMOCRATA MAGHIARA DIN ROMÂNIA";"S3 Mures";9887
"UNGUREANU RADU OVIDIU";"PARTIDUL NATIONAL LIBERAL";"S3 Mures";7577
"MAIER GAVR1L";"PARTIDUL ROMÂNIA MARE";"S3 Mures";2077
"PLUTEANU VALENTIN";"PARTIDUL NOUA GENERATIE -CRESTIN DEMOCRAT";"S3 Mures";1739
"GROSU CORNELIU";"ALIANTA POLITICA PARTIDUL SOCIAL DEMOCRAT + PARTIDUL CONSERVATOR";"S4 Mures";13926
"ICHIM IONEL MARJUS";"PARTIDUL NATIONAL LIBERAL";"S4 Mures";12445
"CRISAN RADU";"PARTIDUL DEMOCRAT LIBERAL";"S4 Mures";10062
"DÂVID CSABA";"UNIUNEA DEMOCRATA MAGHIARA DIN ROMÂNIA";"S4 Mures";8127
"COROS IOAN";"PARTIDUL ROMÂNIA MARE";"S4 Mures";2846
"MAER VASILE VICU";"PARTIDUL NOUA GENERATIE -CRESTIN DEMOCRAT";"S4 Mures";944
"MOCANU TOADER";"PARTIDUL DEMOCRAT LIBERAL";"S1 Neamt";38563
"MUNTEANU TUDOR-MARIUS";"ALIANTA POLITICA PARTIDUL SOCIAL DEMOCRAT + PARTIDUL CONSERVATOR";"S1 Neamt";25808
"SOROCEANU DANIELA";"PARTIDUL NATIONAL LIBERAL";"S1 Neamt";6161
"LUPU COSTACHE";"PARTIDUL NOUA GENERATIE -CRESTIN DEMOCRAT";"S1 Neamt";2654
"CRETU CONSTANTIN";"PARTIDUL ROMÂNIA MARE";"S1 Neamt";2121
"TATARU IO AN";"PARTIDUL VERDE ECOLOGIST";"S1 Neamt";958
"FODOR STEFAN";"UNIUNEA DEMOCRATA MAGHIARA DIN ROMÂNIA";"S1 Neamt";181
"CHELARU IOAN";"ALIANTA POLITICA PARTIDUL SOCIAL DEMOCRAT + PARTIDUL CONSERVATOR";"S2 Neamt";29095
"MAFTEI SIMION";"PARTIDUL DEMOCRAT LIBERAL";"S2 Neamt";26323
"DANAILA VALENTIN";"PARTIDUL NATIONAL LIBERAL";"S2 Neamt";12306
"ULEANUIOAN";"PARTIDUL NOUA GENERATIE -CRESTIN DEMOCRAT";"S2 Neamt";3201
"BOTOC VALERIAN";"PARTIDUL ROMÂNIA MARE";"S2 Neamt";1992
"CRÎSMARIUIOAN";"PARTIDUL VERDE ECOLOGIST";"S2 Neamt";725
"VIDA GHEORGHE-ALEXANDRU";"UNIUNEA DEMOCRATA MAGHIARA DIN ROMÂNIA";"S2 Neamt";102
"SENDREA VASILE";"PARTIDUL DEMOCRAT LIBERAL";"S3 Neamt";19107
"CONSTANTIN DAN-VASILE";"ALIANTA POLITICA PARTIDUL SOCIAL DEMOCRAT + PARTIDUL CONSERVATOR";"S3 Neamt";16087
"MARCUTIANU OVIDIUS";"PARTIDUL NATIONAL LIBERAL";"S3 Neamt";7288
"BEZIM ALEXANDRU";"PARTIDUL NOUA GENERATIE -CRESTIN DEMOCRAT";"S3 Neamt";2030
"BADEA DUMITRU";"PARTIDUL ROMÂNIA MARE";"S3 Neamt";1463
"SOLOMIA VASILE";"PARTIDUL VERDE ECOLOGIST";"S3 Neamt";301
"OLAH NICOLAE";"UNIUNEA DEMOCRATA MAGHIARA DIN ROMÂNIA";"S3 Neamt";60
"NITA MIHAI";"PARTIDUL DEMOCRAT LIBERAL";"S1 Olt";24582
"BELINSKI PAVEL";"ALIANTA POLITICA PARTIDUL SOCIAL DEMOCRAT + PARTIDUL CONSERVATOR";"S1 Olt";19108
"KOVACS CAROL-EMIL";"PARTIDUL NATIONAL LIBERAL";"S1 Olt";6492
"TURCIN ALECSANDRU";"PARTIDUL ROMÂNIA MARE";"S1 Olt";1435
"STANCU ANCA";"PARTIDUL NOUA GENERATIE -CRESTIN DEMOCRAT";"S1 Olt";774
"SZUS IOAN";"UNIUNEA DEMOCRATA MAGHIARA DIN ROMÂNIA";"S1 Olt";117
"TOMA ION";"ALIANTA POLITICA PARTIDUL SOCIAL DEMOCRAT + PARTIDUL CONSERVATOR";"S2 Olt";42558
"BALASESCU ION-DAN";"PARTIDUL DEMOCRAT LIBERAL";"S2 Olt";22529
"B RÂT UCU GABRIEL";"PARTIDUL NATIONAL LIBERAL";"S2 Olt";6028
"MÂNU LAURA-MIRELA";"PARTIDUL ROMÂNIA MARE";"S2 Olt";1846
"PISICA SABIN-ALIN";"PARTIDUL NOUA GENERATIE -CRESTIN DEMOCRAT";"S2 Olt";1119
"BEREK STEFAN";"UNIUNEA DEMOCRATA MAGHIARA DIN ROMÂNIA";"S2 Olt";156
"SOVA DAN-COMAN";"ALIANTA POLITICA PARTIDUL SOCIAL DEMOCRAT + PARTIDUL CONSERVATOR";"S3 Olt";23285
"COPILAU JENEL";"PARTIDUL NATIONAL LIBERAL";"S3 Olt";12311
"BUICA GHEORGHE";"PARTIDUL DEMOCRAT LIBERAL";"S3 Olt";10700
"PASCU RADU";"PARTIDUL ROMÂNIA MARE";"S3 Olt";1568
"VELICU ELENA";"PARTIDUL NOUA GENERATIE -CRESTIN DEMOCRAT";"S3 Olt";449
"SZONYI LAIOS";"UNIUNEA DEMOCRATA MAGHIARA DIN ROMÂNIA    -";"S3 Olt";112
"SEVERIN GEORGICA";"PARTIDUL DEMOCRAT LIBERAL";"S1 Prahova";25352
"ILASI LIVIU";"PARTIDUL NATIONAL LIBERAL";"S1 Prahova";19106
"DIACONU GEORGICA";"ALIANTA POLITICA PARTIDUL SOCIAL DEMOCRAT + PARTIDUL CONSERVATOR";"S1 Prahova";16808
"GRIGORESCU TATIANA";"PARTIDUL ROMÂNIA MARE";"S1 Prahova";1843
"MIHALACHE CATALIN";"PARTIDUL NOUA GENERATIE -CRESTIN DEMOCRAT";"S1 Prahova";1821
"PUSOK ANDREI";"UNIUNEA DEMOCRATA MAGHIARA DIN ROMÂNIA";"S1 Prahova";239
"BADESCU IULIAN";"PARTIDUL DEMOCRAT LIBERAL";"S2 Prahova";19901
"TEODORESCU GEORGE-ALIN";"ALIANTA POLITICA PARTIDUL SOCIAL DEMOCRAT + PARTIDUL CONSERVATOR";"S2 Prahova";17189
"LUPU ADRIAN-GELU";"PARTIDUL NATIONAL LIBERAL";"S2 Prahova";6181
"BARBU NECULAI";"PARTIDUL ROMÂNIA MARE";"S2 Prahova";1666
"BOLOCAN IULIAN";"PARTIDUL NOUA GENERATIE -CRESTIN DEMOCRAT";"S2 Prahova";1608
"VERES ERNESTIN";"UNIUNEA DEMOCRATA MAGHIARA DIN ROMÂNIA";"S2 Prahova";155
"MELESCANU TEODOR-VIOREL";"PARTIDUL NATIONAL LIBERAL";"S3 Prahova";17069
"MITU AUGUSTIN-CONSTANTIN";"ALIANTA POLITICA PARTIDUL SOCIAL DEMOCRAT + PARTIDUL CONSERVATOR";"S3 Prahova";14490
"ARDELEAN IONEL";"PARTIDUL DEMOCRAT LIBERAL";"S3 Prahova";12841
"RUSINARU ANGELO-MARIAN";"PARTIDUL NOUA GENERATIE -CRESTIN DEMOCRAT";"S3 Prahova";2793
"STAN NICUSOR";"PARTIDUL ROMÂNIA MARE";"S3 Prahova";1667
"ANTONESCU MARIAN";"PARTIDUL POPULAR SI AL PROTECTIEI SOCIALE";"S3 Prahova";237
"ROZS RITA-EVA";"UNIUNEA DEMOCRATA MAGHIARA DIN ROMÂNIA";"S3 Prahova";214
"CHIVU SORIN-SERIOJA";"ALIANŢA POLITICA PARTIDUL SOCIAL DEMOCRAT + PARTIDUL CONSERVATOR";"S4 Prahova";18610
"ROTARU ION";"PARTIDUL DEMOCRAT LIBERAL";"S4 Prahova";15371
"ANGHEL AUREL";"PARTIDUL NAŢIONAL LIBERAL";"S4 Prahova";3733
"NICULCEA NICOLAE";"PARTIDUL NOUA GENERAŢIE CREŞTIN DEMOCRAT";"S4 Prahova";1624
"CIOBANU NICOLAE";"PARTIDUL ROMÂNIA MARE";"S4 Prahova";1557
"KEREKES EDIT-KLÂRA";"UNIUNEA DEMOCRATA MAGHIARA DIN ROMÂNIA";"S4 Prahova";231
"SANDU GABRIEL";"PARTIDUL DEMOCRAT LIBERAL";"S5 Prahova";19774
"SAVU DANIEL";"ALIANTA POLITICA PARTIDUL SOCIAL DEMOCRAT + PARTIDUL CONSERVATOR";"S5 Prahova";12289
"NICA BOGDAN-CRISTIAN";"PARTIDUL NATIONAL LIBERAL";"S5 Prahova";7886
"BELLU CLAUDIU-MIHAI";"PARTIDUL NOUA GENERATIE -CRESTIN DEMOCRAT";"S5 Prahova";1833
"RÂDULESCU AUREL";"PARTIDUL ROMÂNIA MARE";"S5 Prahova";1770
"BODEA ECATERINA";"UNIUNEA DEMOCRATA MAGHIARA DIN ROMÂNIA";"S5 Prahova";155
"FEKETE-SZABO ANDRÂS-LEVENTE";"UNIUNEA DEMOCRATA MAGHIARA DIN ROMÂNIA";"S1 Salaj";20843
"MOCAN IOAN";"PARTIDUL DEMOCRAT LIBERAL";"S1 Salaj";11857
"PADUREAN GREGORIU";"ALIANTA POLITICA PARTIDUL SOCIAL DEMOCRAT + PARTIDUL CONSERVATOR";"S1 Salaj";9057
"POP EUGEN";"PARTIDUL NATIONAL LIBERAL";"S1 Salaj";4593
"FARCAS LIVIU NICOLAE";"PARTIDUL NOUA GENERATIE -CRESTIN DEMOCRAT";"S1 Salaj";959
"POP GHEORGHE";"ALIANTA POLITICA PARTIDUL SOCIAL DEMOCRAT + PARTIDUL CONSERVATOR";"S2 Salaj";15464
"ABRUDANU ONORICA-MARIANA";"PARTIDUL DEMOCRAT LIBERAL";"S2 Salaj";11124
"PENCIUC CORIN";"PARTIDUL NATIONAL LIBERAL";"S2 Salaj";8859
"CSUTAK-NAGY LÂSZLO";"UNIUNEA DEMOCRATA MAGHIARA DIN ROMÂNIA";"S2 Salaj";4216
"TEREC LIVIU";"PARTIDUL ROMÂNIA MARE";"S2 Salaj";1519
"COVACI ALEXANDRU";"PARTIDUL NOUA GENERATIE -CRESTIN DEMOCRAT";"S2 Salaj";971
"MURESAN PETRE";"PARTIDUL DEMOCRAT LIBERAL";"S1 Satu Mare";18065
"MARIAN VALER";"ALIANTA POLITICA PARTIDUL SOCIAL DEMOCRAT + PARTIDUL CONSERVATOR";"S1 Satu Mare";16551
"KONYA LADISLAU-STEFAN";"UNIUNEA DEMOCRATA MAGHIARA DIN ROMÂNIA";"S1 Satu Mare";14523
"SILAGHI OVIDIU-IOAN";"PARTIDUL NATIONAL LIBERAL";"S1 Satu Mare";8097
"GAVRILAS TEODOR";"PARTIDUL NOUA GENERATIE -CRESTIN DEMOCRAT";"S1 Satu Mare";1519
"CHIUZBAIAN LIUDMELA-DELIA";"PARTIDUL ROMÂNIA MARE";"S1 Satu Mare";1096
"POP NICOLAE";"PARTIDUL VERDE ECOLOGIST";"S1 Satu Mare";972
"FINTA GRIGOR";"PARTIDUL POPULAR SI AL PROTECTIEI SOCIALE";"S1 Satu Mare";287
"GUNTHNER TIBERIU";"UNIUNEA DEMOCRATA MAGHIARA DIN ROMÂNIA";"S2 Satu Mare";26332
"VIMAN IOAN-VASILE";"ALIANTA POLITICA PARTIDUL SOCIAL DEMOCRAT + PARTIDUL CONSERVATOR";"S2 Satu Mare";8155
"POP ZOLTAN-CAROL";"PARTIDUL DEMOCRAT LIBERAL";"S2 Satu Mare";7055
"MACEC VALENTIN";"PARTIDUL NATIONAL LIBERAL";"S2 Satu Mare";6410
"CRISAN IERONIM";"PARTIDUL ROMÂNIA MARE";"S2 Satu Mare";937
"COTOROS DANEELA-DORINA";"PARTIDUL VERDE ECOLOGIST";"S2 Satu Mare";908
"BOLBA CORNELIA-ANCA";"PARTIDUL NOUA GENERATIE -CRESTIN DEMOCRAT";"S2 Satu Mare";842
"ARITON ION";"PARTIDUL DEMOCRAT LIBERAL";"S1 Sibiu";23907
"NEAGU NICOLAE";"PARTIDUL NATIONAL LIBERAL";"S1 Sibiu";9771
"STROIE IOAN";"ALIANTA POLITICA PARTIDUL SOCIAL DEMOCRAT + PARTIDUL CONSERVATOR";"S1 Sibiu";9398
"TALAU GHIORGHE";"PARTIDUL ROMÂNIA MARE";"S1 Sibiu";2266
"PIRNOIU DAN";"PARTIDUL VERDE ECOLOGIST";"S1 Sibiu";1354
"PICA ELISABETA-ANA";"UNIUNEA DEMOCRATA MAGHIARA DIN ROMÂNIA";"S1 Sibiu";960
"OLARIU NICOLAE SORIN";"PARTIDUL NOUA GENERATIE -CRESTIN DEMOCRAT";"S1 Sibiu";751
"PITEIU MARCEL-ADRIAN";"PARTIDUL DEMOCRAT LIBERAL";"S2 Sibiu";20851
"ARCAS VIOREL";"ALIANTA POLITICA PARTIDUL SOCIAL DEMOCRAT + PARTIDUL CONSERVATOR";"S2 Sibiu";16070
"SAJTOS LASZLO";"PARTIDUL NATIONAL LIBERAL";"S2 Sibiu";2989
"BALAZS BELA-ATILA";"UNRJNEA DEMOCRATA MAGHIARA DIN ROMÂNIA";"S2 Sibiu";2076
"BUCUR DIONISIE";"PARTIDUL ROMÂNIA MARE";"S2 Sibiu";1888
"DIAC IOAN";"PARTIDUL NOUA GENERATIE -CRESTIN DEMOCRAT";"S2 Sibiu";1548
"GIURA LUCIAN";"PARTIDUL VERDE ECOLOGIST";"S2 Sibiu";886
"CERCEL HORATIU";"PARTIDUL DEMOCRAT LIBERAL";"S3 Sibiu";17980
"BOITAN MINERVA";"PARTIDUL NATIONAL LIBERAL";"S3 Sibiu";8719
"MORAR CONSTANTIN";"ALIANTA POLITICA PARTIDUL SOCIAL DEMOCRAT + PARTIDUL CONSERVATOR";"S3 Sibiu";8023
"LOTREAN CONSTANTIN";"PARTIDUL ROMÂNIA MARE";"S3 Sibiu";1207
"BUZIC IOAN";"PARTIDUL NOUA GENERATIE -CRESTIN DEMOCRAT";"S3 Sibiu";752
"ILESAN MARIUS";"PARTIDUL VERDE ECOLOGIST";"S3 Sibiu";424
"NAGY FRANCISC-GHEORGHE";"UNIUNEA DEMOCRATA MAGHIARA DIN ROMÂNIA";"S3 Sibiu";305
"BADEA VIOREL-RICEARD";"PARTIDUL DEMOCRAT LIBERAL";"S1 Strainatate";8449
"ROMAN PETRE";"PARTIDUL NATIONAL LIBERAL";"S1 Strainatate";4573
"MOCANU MARIAN-DAN";"ALIANTA POLITICA PARTIDUL SOCIAL DEMOCRAT + PARTIDUL CONSERVATOR";"S1 Strainatate";2363
"ILASCU ILIE";"PARTIDUL ROMÂNIA MARE";"S1 Strainatate";1549
"SZABO KAROLY-FERENC";"UNIUNEA DEMOCRATA MAGHIARA DIN ROMÂNIA";"S1 Strainatate";867
"GALES CRISTINA-DANIELA";"PARTIDUL NOUA GENERATIE -CRESTIN DEMOCRAT";"S1 Strainatate";578
"CHIVU EUGEN";"PARTIDUL DEMOCRAT LIBERAL";"S2 Strainatate";2451
"LUCA RAYMOND";"PARTIDUL NATIONAL LIBERAL";"S2 Strainatate";944
"DUCA VIOREL";"ALIANTA POLITICA PARTIDUL SOCIAL DEMOCRAT + PARTIDUL CONSERVATOR";"S2 Strainatate";741
"KAROLYI BELA";"UNIUNEA DEMOCRATA MAGHIARA DIN ROMÂNIA";"S2 Strainatate";334
"FULGA LAURENTIU OLIMPUS";"PARTIDUL VERDE ECOLOGIST";"S2 Strainatate";263
"TOMA PETRU-RADU";"PARTIDUL ROMÂNIA MARE";"S2 Strainatate";210
"UDROIU SORIN-IOAN";"PARTIDUL NOUA GENERATIE -CRESTIN DEMOCRAT";"S2 Strainatate";139
"FODOREANU SORIN";"PARTIDUL DEMOCRAT LIBERAL";"S1 Suceava";27299
"HUTANU CONSTANTIN";"ALIANTA POLITICA PARTIDUL SOCIAL DEMOCRAT + PARTIDUL CONSERVATOR";"S1 Suceava";12695
"GOREA VALICA";"PARTIDUL NATIONAL LIBERAL";"S1 Suceava";8112
"ACATRINEI GHEORGHE";"PARTIDUL ROMÂNIA MARE";"S1 Suceava";1480
"IGNÂTESCU GHITA";"PARTIDUL NOUA GENERATIE -CRESTIN DEMOCRAT";"S1 Suceava";1302
"HAPENCIUC ADRIANA - KLARA";"UNIUNEA DEMOCRATA MAGHIARA DIN ROMÂNIA";"S1 Suceava";234
"ONOFREI OREST";"PARTIDUL DEMOCRAT LIBERAL";"S2 Suceava";33735
"IGNATESCU CAMELIA - MARIA -CEZARA";"ALIANTA POLITICA PARTIDUL SOCIAL DEMOCRAT + PARTIDUL CONSERVATOR";"S2 Suceava";17692
"BURCIU AUREL";"PARTIDUL NATIONAL LIBERAL";"S2 Suceava";8090
"ACATRINEI STELA";"PARTIDUL ROMÂNIA MARE";"S2 Suceava";2384
"ROMAN IO AN -CORNELIU";"PARTIDUL NOUA GENERATIE -CRESTIN DEMOCRAT";"S2 Suceava";1232
"BARTA MARGIT";"UNIUNEA DEMOCRATA MAGHIARA DIN ROMÂNIA";"S2 Suceava";262
"MÎRZA GAVRIL";"ALIANTA POLITICA PARTIDUL SOCIAL DEMOCRAT + PARTIDUL CONSERVATOR";"S3 Suceava";22640
"VITCU MIHAI";"PARTIDUL DEMOCRAT LIBERAL";"S3 Suceava";18255
"CORNIA GHIORGHI";"PARTIDUL NATIONAL LIBERAL";"S3 Suceava";5286
"GHEORGHITA IULIAN - IONEL";"PARTIDUL NOUA GENERATIE -CRESTIN DEMOCRAT";"S3 Suceava";1712
"DOROFTEI COSTICA";"PARTIDUL ROMÂNIA MARE";"S3 Suceava";1603
"LADO ZOLTÂN";"UNIUNEA DEMOCRATA MAGHIARA DIN ROMÂNIA";"S3 Suceava";143
"CARCALETE PETRU";"PARTIDUL DEMOCRAT LIBERAL";"S4 Suceava";24416
"POPOVICI CORNELIU";"ALIANTA POLITICA PARTIDUL SOCIAL DEMOCRAT + PARTIDUL CONSERVATOR";"S4 Suceava";17140
"PRODAN TIBERIU -AURELIAN";"PARTIDUL NATIONAL LIBERAL";"S4 Suceava";9223
"FOCA SORIN";"PARTIDUL VERDE ECOLOGIST";"S4 Suceava";2291
"LUCHIAN SAMOILA";"PARTIDUL ROMÂNIA MARE";"S4 Suceava";1532
"CRUT CRISTINEL";"PARTIDUL NOUA GENERATIE -CRESTIN DEMOCRAT";"S4 Suceava";1181
"MÂLNÂSI GABOR";"UNIUNEA DEMOCRATA MAGHIARA DIN ROMÂNIA";"S4 Suceava";161
"MIHÂILESCU PETRU-SERBAN";"ALIANTA POLITICA PARTIDUL SOCIAL DEMOCRAT + PARTIDUL CONSERVATOR";"S1 Teleorman";30028
"NASTASESCU ION";"PARTIDUL DEMOCRAT LIBERAL";"S1 Teleorman";12928
"BALAN ILIE";"PARTIDUL NATIONAL LIBERAL";"S1 Teleorman";5551
"GHEORGHE MIHAI";"PARTIDUL ROMÂNIA MARE";"S1 Teleorman";1555
"NEDELCU FLOREA";"PARTIDUL NOUA GENERATIE -CRESTIN DEMOCRAT";"S1 Teleorman";841
"VARGA STEFAN";"UNIUNEA DEMOCRATA MAGHIARA DIN ROMÂNIA";"S1 Teleorman";281
"NICOARA ROMEO-FLORIN";"PARTIDUL NATIONAL LIBERAL";"S2 Teleorman";29524
"SUICA IULIAN";"PARTIDUL DEMOCRAT LIBERAL";"S2 Teleorman";15201
"SLABESCU CONSTANTIN";"ALIANTA POLITICA PARTIDUL SOCIAL DEMOCRAT + PARTIDUL CONSERVATOR";"S2 Teleorman";15127
"OLTEANU ION";"PARTIDUL ROMÂNIA MARE";"S2 Teleorman";936
"DINULESCU OCTAVIAN";"PARTIDUL NOUA GENERATIE -CRESTIN DEMOCRAT";"S2 Teleorman";840
"BENU COSTEL-VALENTIN";"PARTIDUL POPULAR SI AL PROTECTIEI SOCIALE";"S2 Teleorman";135
"LASZLO LUDOVIC-RUDOLF";"UNIUNEA DEMOCRATA MAGHIARA DIN ROMÂNIA";"S2 Teleorman";94
"DANCILA VASILICA-VIORICA";"ALIANTA POLITICA PARTIDUL SOCIAL DEMOCRAT + PARTIDUL CONSERVATOR";"S3 Teleorman";26902
"MOCANU ALEXANDRU";"PARTIDUL DEMOCRAT LIBERAL";"S3 Teleorman";22297
"ILIESCU ALEXANDRU";"PARTIDUL NATIONAL LIBERAL";"S3 Teleorman";7908
"GURÂU MARIO ARA";"PARTIDUL ROMÂNIA MARE";"S3 Teleorman";1163
"NEDELCU FLORIN-MARIUS";"PARTIDUL NOUA GENERATIE -CRESTIN DEMOCRAT";"S3 Teleorman";713
"ANDO LASZLO-IULIAN";"UNIUNEA DEMOCRATA MAGHIARA DIN ROMÂNIA";"S3 Teleorman";119
"DAVID GHEORGHE";"PARTIDUL DEMOCRAT LIBERAL";"S1 Timis";15844
"BÎRSASTEANU FLORICA";"ALIANTA POLITICA PARTIDUL SOCIAL DEMOCRAT + PARTIDUL CONSERVATOR";"S1 Timis";9758
"DIMECA RADU-DRAGOS";"PARTIDUL NATIONAL LIBERAL";"S1 Timis";8042
"OLAH-BOGATHY ZOLTAN";"UNIUNEA DEMOCRATA MAGHIARA DIN ROMÂNIA";"S1 Timis";2788
"MIHAI GHEORGHE";"PARTIDUL ROMÂNIA MARE";"S1 Timis";1860
"ALAMOREAN POMPILIU-VIOREL";"PARTIDUL VERDE ECOLOGIST";"S1 Timis";1336
"PESCARU VIRGIL";"PARTIDUL NOUA GENERATIE -CRESTIN DEMOCRAT";"S1 Timis";741
"OANCEA VIOREL";"PARTIDUL DEMOCRAT LIBERAL";"S2 Timis";13555
"ROBU NICOLAE";"PARTIDUL NATIONAL LIBERAL";"S2 Timis";10968
"GLAVAN STEFAN";"ALIANTA POLITICA PARTIDUL SOCIAL DEMOCRAT + PARTIDUL CONSERVATOR";"S2 Timis";7672
"DAROCZI CSABA-LASZLO";"UNIUNEA DEMOCRATA MAGHIARA DIN ROMÂNIA";"S2 Timis";2281
"NASLEUIOAN";"PARTIDUL ROMÂNIA MARE";"S2 Timis";1700
"STANCIU GHEORGHE- VLADIMIR";"PARTIDUL VERDE ECOLOGIST";"S2 Timis";935
"POPESCU NICOLAE";"PARTIDUL NOUA GENERATIE -CRESTIN DEMOCRAT";"S2 Timis";671
"BORZA DOREL- CONSTANTIN- VASILE";"PARTIDUL DEMOCRAT LIBERAL";"S3 Timis";25786
"MATEI VIOREL";"ALIANTA POLITICA PARTIDUL SOCIAL DEMOCRAT + PARTIDUL CONSERVATOR";"S3 Timis";12971
"COIFAN VIOREL-GHEORGHE";"PARTIDUL NATIONAL LIBERAL";"S3 Timis";5288
"VETESI ZOLTAN";"UNIUNEA DEMOCRATA MAGHIARA DIN ROMÂNIA";"S3 Timis";2508
"IONITA GHEORGHE";"PARTIDUL ROMÂNIA MARE";"S3 Timis";1603
"POPESCU LUCIAN";"PARTIDUL NOUA GENERATIE -CRESTIN DEMOCRAT";"S3 Timis";1206
"BURLACU TUDORIN";"PARTIDUL VERDE ECOLOGIST";"S3 Timis";582
"SÂRBU ILIE";"ALIANTA POLITICA PARTIDUL SOCIAL DEMOCRAT + PARTIDUL CONSERVATOR";"S4 Timis";22233
"CORESCU CORNELIA- GHEORGHINA";"PARTIDUL DEMOCRAT LIBERAL";"S4 Timis";20263
"AMBRUS IOAN";"PARTIDUL NATIONAL LIBERAL";"S4 Timis";8194
"IHASZ IOAN";"UNIUNEA DEMOCRATA MAGHIARA DIN ROMÂNIA";"S4 Timis";2121
"COTOLAN VOICHITA-OFELIA";"PARTIDUL ROMÂNIA MARE";"S4 Timis";1883
"SANTA DUMITRU";"PARTIDUL NOUA GENERATIE -CRESTIN DEMOCRAT";"S4 Timis";1003
"DIMINESCU NICOLAE-IULIU";"PARTIDUL VERDE ECOLOGIST";"S4 Timis";721
"BARA ION";"PARTIDUL DEMOCRAT LIBERAL";"S1 Tulcea";16799
"CARPOV GHEORGHE";"ALIANTA POLITICA PARTIDUL SOCIAL DEMOCRAT + PARTIDUL CONSERVATOR";"S1 Tulcea";9543
"OBREJA CONSTANTIN- GABRIEL";"PARTIDUL NATIONAL LIBERAL";"S1 Tulcea";3475
"BUNDUC GHEORGHE";"PARTIDUL ROMÂNIA MARE";"S1 Tulcea";2089
"POPESCU CONSTANTIN";"PARTIDUL NOUA GENERATIE -CRESTIN DEMOCRAT";"S1 Tulcea";1050
"ROSIAN ILIE";"PARTIDUL POPULAR SI AL PROTECTIEI SOCIALE";"S1 Tulcea";324
"VAIDA FRANCISC-ATILA";"UNIUNEA DEMOCRATA MAGHIARA DIN ROMÂNIA";"S1 Tulcea";188
"RADU ANISOARA";"PARTIDUL DEMOCRAT LIBERAL";"S2 Tulcea";12661
"BELACURENCU TRIFON";"ALIANTA POLITICA PARTIDUL SOCIAL DEMOCRAT + PARTIDUL CONSERVATOR";"S2 Tulcea";11891
"CIUREA MIRCEA";"PARTIDUL NATIONAL LIBERAL";"S2 Tulcea";6844
"MOISEI LAURENTA-LILI";"PARTIDUL NOUA GENERATIE -CRESTIN DEMOCRAT";"S2 Tulcea";2235
"MAZILU GHEORGHE";"PARTIDUL ROMÂNIA MARE";"S2 Tulcea";1437
"VÂNYOLOS STEFAN-ALBERT";"UNIUNEA DEMOCRATA MAGHIARA DIN ROMÂNIA";"S2 Tulcea";116
"COCA LAURENTIU FLORIAN";"ALIANTA POLITICA PARTIDUL SOCIAL DEMOCRAT + PARTIDUL CONSERVATOR";"S1 Valcea";25794
"FOLEA GHEORGHE";"PARTIDUL NATIONAL LIBERAL";"S1 Valcea";12102
"RÂDULESCU VERONEL";"PARTIDUL DEMOCRAT LIBERAL";"S1 Valcea";8767
"NUICA ION";"PARTIDUL ROMÂNIA MARE";"S1 Valcea";1644
"MARIN ION";"PARTIDUL NOUA GENERATIE -CRESTIN DEMOCRAT";"S1 Valcea";837
"GÂSPÂR ISTVÂN";"UNIUNEA DEMOCRATA MAGHIARA DIN ROMÂNIA";"S1 Valcea";112
"FRÂNCU EMILIAN-VALENTIN";"PARTIDUL NATIONAL LIBERAL";"S2 Valcea";18996
"PRALA STEFAN";"ALIANTA POLITICA PARTIDUL SOCIAL DEMOCRAT + PARTIDUL CONSERVATOR";"S2 Valcea";17101
"CRÂCIUNESCU ION";"PARTIDUL DEMOCRAT LIBERAL";"S2 Valcea";12668
"ANDREESCU CONSTANTIN";"PARTIDUL ROMÂNIA MARE";"S2 Valcea";1546
"DIACONESCU MARIUS";"PARTIDUL NOUA GENERATIE -CRESTIN DEMOCRAT";"S2 Valcea";734
"MATOLCSI IULIU";"UNIUNEA DEMOCRATA MAGHIARA DIN ROMÂNIA";"S2 Valcea";126
"JURCAN DOREL";"PARTIDUL DEMOCRAT LIBERAL";"S3 Valcea";19123
"PÎRVU CONSTANTIN";"ALIANTA POLITICA PARTIDUL SOCIAL DEMOCRAT + PARTIDUL CONSERVATOR";"S3 Valcea";13355
"COTESCU MARIN-ADRÂNEL";"PARTIDUL NATIONAL LIBERAL";"S3 Valcea";5656
"PIENARU DOREL";"PARTIDUL ROMÂNIA MARE";"S3 Valcea";1839
"ZEANA CORNELIU";"PARTIDUL NOUA GENERATIE -CRESTIN DEMOCRAT";"S3 Valcea";733
"DEÂK FRANCISC";"UNIUNEA DEMOCRATA MAGHIARA DIN ROMÂNIA";"S3 Valcea";197
"SILISTRU DOINA";"ALIANTA POLITICA PARTIDUL SOCIAL DEMOCRAT + PARTIDUL CONSERVATOR";"S1 Vaslui";21275
"MIHALACHE CORNELIU";"PARTIDUL DEMOCRAT LIBERAL";"S1 Vaslui";17004
"JUVERDEANU DOREL";"PARTIDUL NATIONAL LIBERAL";"S1 Vaslui";6026
"MANCAS IOAN";"PARTIDUL ROMÂNIA MARE";"S1 Vaslui";2892
"MOCANU ELENA";"PARTIDUL NOUA GENERATIE -CRESTIN DEMOCRAT";"S1 Vaslui";1718
"SÂNDOR KÂLMÂN";"UNIUNEA DEMOCRATA MAGHIARA DIN ROMÂNIA";"S1 Vaslui";181
"ROIBU ARISTIDE";"ALIANTA POLITICA PARTIDUL SOCIAL DEMOCRAT + PARTIDUL CONSERVATOR";"S2 Vaslui";19219
"PINTILIE VASILE";"PARTIDUL DEMOCRAT LIBERAL";"S2 Vaslui";12421
"DRAGAN DANIEL";"PARTIDUL NATIONAL LIBERAL";"S2 Vaslui";7336
"ANDREI DUMITRU";"PARTIDUL ROMÂNIA MARE";"S2 Vaslui";1510
"BUZAMAT DANIEL";"PARTIDUL NOUA GENERATIE -CRESTIN DEMOCRAT";"S2 Vaslui";1147
"BURUS TIBOR";"UNIUNEA DEMOCRATA MAGHIARA DIN ROMÂNIA";"S2 Vaslui";125
"TIBULCA IOAN";"ALIANTA POLITICA PARTIDUL SOCIAL DEMOCRAT + PARTIDUL CONSERVATOR";"S3 Vaslui";15924
"DAVID CRISTIAN";"PARTIDUL NATIONAL LIBERAL";"S3 Vaslui";12876
"BORDEIANU EMIL";"PARTIDUL DEMOCRAT LIBERAL";"S3 Vaslui";7658
"VESELU TUDORA";"PARTIDUL ROMÂNIA MARE";"S3 Vaslui";1883
"BODESCU NECULAI";"PARTIDUL NOUA GENERATIE -CRESTIN DEMOCRAT";"S3 Vaslui";962
"KOLUMBAN SÂNDOR-GÂBOR";"UNIUNEA DEMOCRATA MAGHIARA DIN ROMÂNIA";"S3 Vaslui";121
"DUTA GICA";"ALIANTA POLITICA PARTIDUL SOCIAL DEMOCRAT + PARTIDUL CONSERVATOR";"S1 Vrancea";30774
"PLACINTA SORINA-LUMINITA";"PARTIDUL DEMOCRAT LIBERAL";"S1 Vrancea";25036
"TEODOROVICI EUGEN-ORLANDO";"PARTIDUL NATIONAL LIBERAL";"S1 Vrancea";12321
"CORCHIVASILE";"PARTIDUL NOUA GENERATIE -CRESTIN DEMOCRAT";"S1 Vrancea";1186
"ORDOG LAJOS";"UNIUNEA DEMOCRATA MAGHIARA DIN ROMÂNIA";"S1 Vrancea";147
"MITREA MIRON-TUDOR";"ALIANTA POLITICA PARTIDUL SOCIAL DEMOCRAT + PARTIDUL CONSERVATOR";"S2 Vrancea";42241
"POPOIU EMIL-DANUT";"PARTIDUL DEMOCRAT LIBERAL";"S2 Vrancea";19309
"MAZERE NICU";"PARTIDUL NATIONAL LIBERAL";"S2 Vrancea";9890
"PARASCHIV MIRCEA-ION";"PARTIDUL NOUA GENERATIE -CRESTIN DEMOCRAT";"S2 Vrancea";1169
"CZIMBALMOS-KOZMA CSABA";"UNIUNEA DEMOCRATA MAGHIARA DIN ROMÂNIA";"S2 Vrancea";134
